perdido,query,politica,rep,responde,agente_responde,clf_ok,nn_ok,clf,nn,d_nn_perdido,d_nn_cualquiera,disp_intra,niveles_vivos,consultas,a_perdido,a_otro,rechazadas,dependencia
apple,a round red fruit,vivido,0,True,apple,True,True,apple,apple,19.484790802001953,19.484790802001953,,,,,,,
apple,a round red fruit,vivido,1,True,apple,True,True,apple,apple,19.278806686401367,19.278806686401367,,,,,,,
apple,a round red fruit,vivido,2,True,apple,True,True,apple,apple,20.837467193603516,20.837467193603516,26.05194664001465,7.234375,,,,,
apple,a round red fruit,sustitucion,0,True,tomato,False,False,tomato,tomato,46.48552322387695,23.102582931518555,,,,,,,
apple,a round red fruit,sustitucion,1,True,tomato,False,False,tomato,tomato,49.313716888427734,17.80837059020996,,,,,,,
apple,a round red fruit,sustitucion,2,True,tomato,False,False,tomato,tomato,50.613285064697266,21.276206970214844,29.86182403564453,6.828125,,,,,
apple,a round red fruit,descripcion,0,True,car,True,True,apple,apple,24.070356369018555,24.070356369018555,,,,,,,
apple,a round red fruit,descripcion,1,True,car,True,True,apple,apple,24.17979621887207,24.17979621887207,,,,,,,
apple,a round red fruit,descripcion,2,True,car,True,True,apple,apple,21.15060043334961,21.15060043334961,31.23920249938965,9.90625,,,,,
apple,green food from trees,vivido,0,True,apple,True,True,apple,apple,18.624801635742188,18.624801635742188,,,,,,,
apple,green food from trees,vivido,1,True,apple,True,True,apple,apple,22.551902770996094,22.551902770996094,,,,,,,
apple,green food from trees,vivido,2,True,apple,True,True,apple,apple,24.438499450683594,24.438499450683594,31.65522003173828,8.859375,,,,,
apple,green food from trees,sustitucion,0,False,car,,,,,,,,,,,,,
apple,green food from trees,sustitucion,1,False,car,,,,,,,,,,,,,
apple,green food from trees,sustitucion,2,False,car,,,,,,,,,,,,,
apple,green food from trees,descripcion,0,True,car,True,True,apple,apple,20.949222564697266,20.949222564697266,,,,,,,
apple,green food from trees,descripcion,1,True,car,True,True,apple,apple,25.54344367980957,25.54344367980957,,,,,,,
apple,green food from trees,descripcion,2,True,car,True,True,apple,apple,22.108373641967773,22.108373641967773,34.72883224487305,9.90625,,,,,
apple,red or green round food,vivido,0,True,apple,True,True,apple,apple,23.14642906188965,23.14642906188965,,,,,,,
apple,red or green round food,vivido,1,True,apple,True,True,apple,apple,20.883136749267578,20.883136749267578,,,,,,,
apple,red or green round food,vivido,2,True,apple,True,True,apple,apple,21.094831466674805,21.094831466674805,34.67660140991211,8.96875,,,,,
apple,red or green round food,sustitucion,0,True,tomato,False,False,tomato,tomato,45.77627944946289,19.996618270874023,,,,,,,
apple,red or green round food,sustitucion,1,True,tomato,False,False,tomato,tomato,52.83880615234375,21.556306838989258,,,,,,,
apple,red or green round food,sustitucion,2,True,tomato,False,False,tomato,tomato,46.00615310668945,21.567625045776367,27.370290756225586,6.828125,,,,,
apple,red or green round food,descripcion,0,True,car,True,True,apple,apple,27.057653427124023,27.057653427124023,,,,,,,
apple,red or green round food,descripcion,1,True,car,True,True,apple,apple,22.619205474853516,22.619205474853516,,,,,,,
apple,red or green round food,descripcion,2,True,car,True,True,apple,apple,21.453935623168945,21.453935623168945,33.67875671386719,9.90625,,,,,
apple,has core and seeds,vivido,0,True,apple,True,True,apple,apple,20.504074096679688,20.504074096679688,,,,,,,
apple,has core and seeds,vivido,1,True,apple,True,True,apple,apple,23.657222747802734,23.657222747802734,,,,,,,
apple,has core and seeds,vivido,2,True,apple,True,True,apple,apple,20.451431274414062,20.451431274414062,28.219602584838867,8.578125,,,,,
apple,has core and seeds,sustitucion,0,False,car,,,,,,,,,,,,,
apple,has core and seeds,sustitucion,1,False,car,,,,,,,,,,,,,
apple,has core and seeds,sustitucion,2,False,car,,,,,,,,,,,,,
apple,has core and seeds,descripcion,0,True,car,True,True,apple,apple,25.02155303955078,25.02155303955078,,,,,,,
apple,has core and seeds,descripcion,1,True,car,True,True,apple,apple,24.26331901550293,24.26331901550293,,,,,,,
apple,has core and seeds,descripcion,2,True,car,True,True,apple,apple,24.90442657470703,24.90442657470703,36.813838958740234,9.90625,,,,,
apple,red fruit with a stem,vivido,0,True,apple,True,True,apple,apple,19.990535736083984,19.990535736083984,,,,,,,
apple,red fruit with a stem,vivido,1,True,apple,True,True,apple,apple,25.72838592529297,25.72838592529297,,,,,,,
apple,red fruit with a stem,vivido,2,True,apple,True,True,apple,apple,22.18368911743164,22.18368911743164,29.99825096130371,8.96875,,,,,
apple,red fruit with a stem,sustitucion,0,True,tomato,False,False,tomato,tomato,53.11027908325195,20.03279685974121,,,,,,,
apple,red fruit with a stem,sustitucion,1,True,tomato,False,False,tomato,tomato,50.339454650878906,20.39042854309082,,,,,,,
apple,red fruit with a stem,sustitucion,2,True,tomato,False,False,tomato,tomato,49.601078033447266,20.189361572265625,30.16713523864746,6.828125,,,,,
apple,red fruit with a stem,descripcion,0,True,car,True,True,apple,apple,26.072778701782227,26.072778701782227,,,,,,,
apple,red fruit with a stem,descripcion,1,True,car,True,True,apple,apple,22.62335777282715,22.62335777282715,,,,,,,
apple,red fruit with a stem,descripcion,2,True,car,True,True,apple,apple,23.190710067749023,23.190710067749023,30.235868453979492,9.90625,,,,,
apple,grows on fruit trees,vivido,0,True,apple,True,True,apple,apple,21.54650115966797,21.54650115966797,,,,,,,
apple,grows on fruit trees,vivido,1,True,apple,True,True,apple,apple,24.40015411376953,24.40015411376953,,,,,,,
apple,grows on fruit trees,vivido,2,True,apple,True,True,apple,apple,23.86417007446289,23.86417007446289,34.33201217651367,9.46875,,,,,
apple,grows on fruit trees,sustitucion,0,False,car,,,,,,,,,,,,,
apple,grows on fruit trees,sustitucion,1,False,car,,,,,,,,,,,,,
apple,grows on fruit trees,sustitucion,2,False,car,,,,,,,,,,,,,
apple,grows on fruit trees,descripcion,0,True,car,True,True,apple,apple,23.131610870361328,23.131610870361328,,,,,,,
apple,grows on fruit trees,descripcion,1,True,car,True,True,apple,apple,27.668659210205078,27.668659210205078,,,,,,,
apple,grows on fruit trees,descripcion,2,True,car,True,True,apple,apple,26.61520004272461,26.61520004272461,35.68711471557617,9.90625,,,,,
apple,juicy round fruit,vivido,0,True,apple,True,True,apple,apple,15.840676307678223,15.840676307678223,,,,,,,
apple,juicy round fruit,vivido,1,True,apple,True,True,apple,apple,19.490114212036133,19.490114212036133,,,,,,,
apple,juicy round fruit,vivido,2,True,apple,True,True,apple,apple,18.271440505981445,18.271440505981445,23.645492553710938,7.234375,,,,,
apple,juicy round fruit,sustitucion,0,False,car,,,,,,,,,,,,,
apple,juicy round fruit,sustitucion,1,False,car,,,,,,,,,,,,,
apple,juicy round fruit,sustitucion,2,False,car,,,,,,,,,,,,,
apple,juicy round fruit,descripcion,0,True,car,True,True,apple,apple,28.015758514404297,28.015758514404297,,,,,,,
apple,juicy round fruit,descripcion,1,True,car,True,True,apple,apple,21.632240295410156,21.632240295410156,,,,,,,
apple,juicy round fruit,descripcion,2,True,car,True,True,apple,apple,25.79846954345703,25.79846954345703,33.4792366027832,9.90625,,,,,
apple,sweet core fruit,vivido,0,True,apple,True,True,apple,apple,22.82208251953125,22.82208251953125,,,,,,,
apple,sweet core fruit,vivido,1,True,apple,True,True,apple,apple,24.2471923828125,24.2471923828125,,,,,,,
apple,sweet core fruit,vivido,2,True,apple,True,True,apple,apple,18.332517623901367,18.332517623901367,33.37055206298828,8.578125,,,,,
apple,sweet core fruit,sustitucion,0,False,car,,,,,,,,,,,,,
apple,sweet core fruit,sustitucion,1,False,car,,,,,,,,,,,,,
apple,sweet core fruit,sustitucion,2,False,car,,,,,,,,,,,,,
apple,sweet core fruit,descripcion,0,True,car,True,True,apple,apple,21.064605712890625,21.064605712890625,,,,,,,
apple,sweet core fruit,descripcion,1,True,car,True,True,apple,apple,23.781726837158203,23.781726837158203,,,,,,,
apple,sweet core fruit,descripcion,2,True,car,True,True,apple,apple,22.21999168395996,22.21999168395996,31.236221313476562,9.90625,,,,,
apple,a pear or apple fruit,vivido,0,True,apple,True,True,apple,apple,16.08687400817871,16.08687400817871,,,,,,,
apple,a pear or apple fruit,vivido,1,True,apple,True,True,apple,apple,18.311250686645508,18.311250686645508,,,,,,,
apple,a pear or apple fruit,vivido,2,True,apple,True,True,apple,apple,19.668264389038086,19.668264389038086,26.11765480041504,8.203125,,,,,
apple,a pear or apple fruit,sustitucion,0,True,pear,False,False,pear,pear,49.30961227416992,22.360506057739258,,,,,,,
apple,a pear or apple fruit,sustitucion,1,True,pear,False,False,pear,pear,45.789825439453125,18.933456420898438,,,,,,,
apple,a pear or apple fruit,sustitucion,2,True,pear,False,False,pear,pear,45.23982238769531,18.227502822875977,28.57378578186035,8.640625,,,,,
apple,a pear or apple fruit,descripcion,0,True,car,True,True,apple,apple,22.544172286987305,22.544172286987305,,,,,,,
apple,a pear or apple fruit,descripcion,1,True,car,True,True,apple,apple,20.091129302978516,20.091129302978516,,,,,,,
apple,a pear or apple fruit,descripcion,2,True,car,True,True,apple,apple,22.8455867767334,22.8455867767334,29.92224884033203,9.90625,,,,,
apple,fruit with skin and seeds,vivido,0,True,apple,True,True,apple,apple,24.7664737701416,24.7664737701416,,,,,,,
apple,fruit with skin and seeds,vivido,1,True,apple,True,True,apple,apple,22.665170669555664,22.665170669555664,,,,,,,
apple,fruit with skin and seeds,vivido,2,True,apple,True,True,apple,apple,20.171567916870117,20.171567916870117,31.563369750976562,9.46875,,,,,
apple,fruit with skin and seeds,sustitucion,0,False,car,,,,,,,,,,,,,
apple,fruit with skin and seeds,sustitucion,1,False,car,,,,,,,,,,,,,
apple,fruit with skin and seeds,sustitucion,2,False,car,,,,,,,,,,,,,
apple,fruit with skin and seeds,descripcion,0,True,car,True,True,apple,apple,22.58195686340332,22.58195686340332,,,,,,,
apple,fruit with skin and seeds,descripcion,1,True,car,True,True,apple,apple,24.94572639465332,24.94572639465332,,,,,,,
apple,fruit with skin and seeds,descripcion,2,True,car,True,True,apple,apple,21.801376342773438,21.801376342773438,30.82976531982422,9.90625,,,,,
apple,green and red food,vivido,0,True,apple,True,True,apple,apple,17.923730850219727,17.923730850219727,,,,,,,
apple,green and red food,vivido,1,True,apple,True,True,apple,apple,22.984899520874023,22.984899520874023,,,,,,,
apple,green and red food,vivido,2,True,apple,True,True,apple,apple,17.072111129760742,17.072111129760742,28.092012405395508,8.859375,,,,,
apple,green and red food,sustitucion,0,True,tomato,False,False,tomato,tomato,54.52219772338867,18.996061325073242,,,,,,,
apple,green and red food,sustitucion,1,True,tomato,False,False,tomato,tomato,51.206146240234375,20.37408447265625,,,,,,,
apple,green and red food,sustitucion,2,True,tomato,False,False,tomato,tomato,47.26212692260742,20.8150634765625,26.68397331237793,6.828125,,,,,
apple,green and red food,descripcion,0,True,car,True,True,apple,apple,24.55303382873535,24.55303382873535,,,,,,,
apple,green and red food,descripcion,1,True,car,True,True,apple,apple,25.325119018554688,25.325119018554688,,,,,,,
apple,green and red food,descripcion,2,True,car,True,True,apple,apple,24.529460906982422,24.529460906982422,35.008785247802734,9.90625,,,,,
apple,stem leaf core inside,vivido,0,True,apple,True,True,apple,apple,19.014957427978516,19.014957427978516,,,,,,,
apple,stem leaf core inside,vivido,1,True,apple,True,True,apple,apple,19.003023147583008,19.003023147583008,,,,,,,
apple,stem leaf core inside,vivido,2,True,apple,True,True,apple,apple,18.987220764160156,18.987220764160156,27.68406105041504,7.046875,,,,,
apple,stem leaf core inside,sustitucion,0,False,car,,,,,,,,,,,,,
apple,stem leaf core inside,sustitucion,1,False,car,,,,,,,,,,,,,
apple,stem leaf core inside,sustitucion,2,False,car,,,,,,,,,,,,,
apple,stem leaf core inside,descripcion,0,True,car,True,True,apple,apple,24.39776611328125,24.39776611328125,,,,,,,
apple,stem leaf core inside,descripcion,1,True,car,True,True,apple,apple,23.17371940612793,23.17371940612793,,,,,,,
apple,stem leaf core inside,descripcion,2,True,car,True,True,apple,apple,27.207984924316406,27.207984924316406,35.38499450683594,9.90625,,,,,
apple,a green fruit,vivido,0,True,apple,True,True,apple,apple,20.759273529052734,20.759273529052734,,,,,,,
apple,a green fruit,vivido,1,True,apple,True,True,apple,apple,17.40602684020996,17.40602684020996,,,,,,,
apple,a green fruit,vivido,2,True,apple,True,True,apple,apple,21.81731605529785,21.81731605529785,32.4239387512207,8.859375,,,,,
apple,a green fruit,sustitucion,0,False,car,,,,,,,,,,,,,
apple,a green fruit,sustitucion,1,False,car,,,,,,,,,,,,,
apple,a green fruit,sustitucion,2,False,car,,,,,,,,,,,,,
apple,a green fruit,descripcion,0,True,car,True,True,apple,apple,30.507122039794922,30.507122039794922,,,,,,,
apple,a green fruit,descripcion,1,True,car,True,True,apple,apple,21.599315643310547,21.599315643310547,,,,,,,
apple,a green fruit,descripcion,2,True,car,True,True,apple,apple,27.754716873168945,27.754716873168945,42.57866287231445,9.90625,,,,,
apple,fruit with seeds inside,vivido,0,True,apple,True,True,apple,apple,24.45442771911621,24.45442771911621,,,,,,,
apple,fruit with seeds inside,vivido,1,True,apple,True,True,apple,apple,21.903425216674805,21.903425216674805,,,,,,,
apple,fruit with seeds inside,vivido,2,True,apple,True,True,apple,apple,28.450185775756836,28.450185775756836,37.51387405395508,9.46875,,,,,
apple,fruit with seeds inside,sustitucion,0,False,car,,,,,,,,,,,,,
apple,fruit with seeds inside,sustitucion,1,False,car,,,,,,,,,,,,,
apple,fruit with seeds inside,sustitucion,2,False,car,,,,,,,,,,,,,
apple,fruit with seeds inside,descripcion,0,True,car,True,True,apple,apple,23.668228149414062,23.668228149414062,,,,,,,
apple,fruit with seeds inside,descripcion,1,True,car,True,True,apple,apple,24.0261287689209,24.0261287689209,,,,,,,
apple,fruit with seeds inside,descripcion,2,True,car,True,True,apple,apple,25.948915481567383,25.948915481567383,36.3894157409668,9.90625,,,,,
apple,delicious red round fruit,vivido,0,True,apple,True,True,apple,apple,22.10843276977539,22.10843276977539,,,,,,,
apple,delicious red round fruit,vivido,1,True,apple,True,True,apple,apple,21.857553482055664,21.857553482055664,,,,,,,
apple,delicious red round fruit,vivido,2,True,apple,True,True,apple,apple,22.115245819091797,22.115245819091797,31.485971450805664,6.21875,,,,,
apple,delicious red round fruit,sustitucion,0,True,tomato,False,False,tomato,tomato,53.14472198486328,20.849576950073242,,,,,,,
apple,delicious red round fruit,sustitucion,1,True,tomato,False,False,tomato,tomato,49.428707122802734,20.636011123657227,,,,,,,
apple,delicious red round fruit,sustitucion,2,True,tomato,False,False,tomato,tomato,53.0785026550293,20.830678939819336,27.240427017211914,6.828125,,,,,
apple,delicious red round fruit,descripcion,0,True,car,True,True,apple,apple,27.562984466552734,27.562984466552734,,,,,,,
apple,delicious red round fruit,descripcion,1,True,car,True,True,apple,apple,22.135164260864258,22.135164260864258,,,,,,,
apple,delicious red round fruit,descripcion,2,True,car,True,True,apple,apple,28.057819366455078,28.057819366455078,34.77322769165039,9.90625,,,,,
apple,adam and eve fruit,vivido,0,True,apple,True,True,apple,apple,20.350162506103516,20.350162506103516,,,,,,,
apple,adam and eve fruit,vivido,1,True,apple,True,True,apple,apple,27.466075897216797,27.466075897216797,,,,,,,
apple,adam and eve fruit,vivido,2,True,apple,True,True,apple,apple,21.728775024414062,21.728775024414062,37.62247848510742,9.46875,,,,,
apple,adam and eve fruit,sustitucion,0,False,car,,,,,,,,,,,,,
apple,adam and eve fruit,sustitucion,1,False,car,,,,,,,,,,,,,
apple,adam and eve fruit,sustitucion,2,False,car,,,,,,,,,,,,,
apple,adam and eve fruit,descripcion,0,True,car,True,True,apple,apple,24.958765029907227,24.958765029907227,,,,,,,
apple,adam and eve fruit,descripcion,1,True,car,True,True,apple,apple,23.39500617980957,23.39500617980957,,,,,,,
apple,adam and eve fruit,descripcion,2,True,car,True,True,apple,apple,21.789358139038086,21.789358139038086,30.742523193359375,9.90625,,,,,
apple,orange red green food,vivido,0,True,apple,True,True,apple,apple,26.380245208740234,26.380245208740234,,,,,,,
apple,orange red green food,vivido,1,True,apple,True,True,apple,apple,21.246950149536133,21.246950149536133,,,,,,,
apple,orange red green food,vivido,2,True,apple,True,True,apple,apple,27.80707550048828,27.80707550048828,37.17428207397461,6.65625,,,,,
apple,orange red green food,sustitucion,0,True,tomato,False,False,tomato,tomato,43.73236083984375,19.054235458374023,,,,,,,
apple,orange red green food,sustitucion,1,True,tomato,False,False,tomato,tomato,47.320709228515625,22.04961395263672,,,,,,,
apple,orange red green food,sustitucion,2,True,tomato,False,False,tomato,tomato,47.56869888305664,21.216384887695312,25.98322105407715,6.828125,,,,,
apple,orange red green food,descripcion,0,True,car,True,True,apple,apple,20.193811416625977,20.193811416625977,,,,,,,
apple,orange red green food,descripcion,1,True,car,True,True,apple,apple,24.025390625,24.025390625,,,,,,,
apple,orange red green food,descripcion,2,True,car,True,True,apple,apple,25.158863067626953,25.158863067626953,32.32770919799805,9.90625,,,,,
apple,core inside skin fruit,vivido,0,True,apple,True,True,apple,apple,19.35647964477539,19.35647964477539,,,,,,,
apple,core inside skin fruit,vivido,1,True,apple,True,True,apple,apple,19.934955596923828,19.934955596923828,,,,,,,
apple,core inside skin fruit,vivido,2,True,apple,True,True,apple,apple,17.39992332458496,17.39992332458496,27.377538681030273,8.578125,,,,,
apple,core inside skin fruit,sustitucion,0,False,car,,,,,,,,,,,,,
apple,core inside skin fruit,sustitucion,1,False,car,,,,,,,,,,,,,
apple,core inside skin fruit,sustitucion,2,False,car,,,,,,,,,,,,,
apple,core inside skin fruit,descripcion,0,True,car,True,True,apple,apple,27.29069709777832,27.29069709777832,,,,,,,
apple,core inside skin fruit,descripcion,1,True,car,True,True,apple,apple,25.192947387695312,25.192947387695312,,,,,,,
apple,core inside skin fruit,descripcion,2,True,car,True,True,apple,apple,28.34345245361328,28.34345245361328,38.586429595947266,9.90625,,,,,
apple,tree fruit food,vivido,0,True,apple,True,True,apple,apple,25.65570068359375,25.65570068359375,,,,,,,
apple,tree fruit food,vivido,1,True,apple,True,True,apple,apple,27.350915908813477,27.350915908813477,,,,,,,
apple,tree fruit food,vivido,2,True,apple,True,True,apple,apple,21.994125366210938,21.994125366210938,37.363285064697266,8.140625,,,,,
apple,tree fruit food,sustitucion,0,False,car,,,,,,,,,,,,,
apple,tree fruit food,sustitucion,1,False,car,,,,,,,,,,,,,
apple,tree fruit food,sustitucion,2,False,car,,,,,,,,,,,,,
apple,tree fruit food,descripcion,0,True,car,True,True,apple,apple,26.46817970275879,26.46817970275879,,,,,,,
apple,tree fruit food,descripcion,1,True,car,True,True,apple,apple,25.275413513183594,25.275413513183594,,,,,,,
apple,tree fruit food,descripcion,2,True,car,True,True,apple,apple,26.54730224609375,26.54730224609375,31.98948097229004,9.90625,,,,,
apple,pome variety fruit,vivido,0,True,apple,True,True,apple,apple,24.464313507080078,24.464313507080078,,,,,,,
apple,pome variety fruit,vivido,1,True,apple,True,True,apple,apple,22.806123733520508,22.806123733520508,,,,,,,
apple,pome variety fruit,vivido,2,True,apple,True,True,apple,apple,23.974592208862305,23.974592208862305,34.104164123535156,6.453125,,,,,
apple,pome variety fruit,sustitucion,0,False,car,,,,,,,,,,,,,
apple,pome variety fruit,sustitucion,1,False,car,,,,,,,,,,,,,
apple,pome variety fruit,sustitucion,2,False,car,,,,,,,,,,,,,
apple,pome variety fruit,descripcion,0,True,car,True,True,apple,apple,26.671524047851562,26.671524047851562,,,,,,,
apple,pome variety fruit,descripcion,1,True,car,True,True,apple,apple,24.367996215820312,24.367996215820312,,,,,,,
apple,pome variety fruit,descripcion,2,True,car,True,True,apple,apple,22.286216735839844,22.286216735839844,34.250179290771484,9.90625,,,,,
apple,green round food,vivido,0,True,apple,True,True,apple,apple,19.658302307128906,19.658302307128906,,,,,,,
apple,green round food,vivido,1,True,apple,True,True,apple,apple,23.466455459594727,23.466455459594727,,,,,,,
apple,green round food,vivido,2,True,apple,True,True,apple,apple,24.156103134155273,24.156103134155273,30.696006774902344,8.859375,,,,,
apple,green round food,sustitucion,0,False,car,,,,,,,,,,,,,
apple,green round food,sustitucion,1,False,car,,,,,,,,,,,,,
apple,green round food,sustitucion,2,False,car,,,,,,,,,,,,,
apple,green round food,descripcion,0,True,car,True,True,apple,apple,24.217880249023438,24.217880249023438,,,,,,,
apple,green round food,descripcion,1,True,car,True,True,apple,apple,26.71132469177246,26.71132469177246,,,,,,,
apple,green round food,descripcion,2,True,car,True,True,apple,apple,21.78499412536621,21.78499412536621,33.14969253540039,9.90625,,,,,
apple,red sweet fruit food,vivido,0,True,apple,True,True,apple,apple,22.001415252685547,22.001415252685547,,,,,,,
apple,red sweet fruit food,vivido,1,True,apple,True,True,apple,apple,22.100135803222656,22.100135803222656,,,,,,,
apple,red sweet fruit food,vivido,2,True,apple,True,True,apple,apple,18.972620010375977,18.972620010375977,30.123727798461914,8.96875,,,,,
apple,red sweet fruit food,sustitucion,0,True,tomato,False,False,tomato,tomato,44.3855094909668,19.370010375976562,,,,,,,
apple,red sweet fruit food,sustitucion,1,True,tomato,False,False,tomato,tomato,47.98473358154297,22.163908004760742,,,,,,,
apple,red sweet fruit food,sustitucion,2,True,tomato,False,False,tomato,tomato,51.62907028198242,22.117279052734375,30.94660758972168,6.828125,,,,,
apple,red sweet fruit food,descripcion,0,True,car,True,True,apple,apple,22.890249252319336,22.890249252319336,,,,,,,
apple,red sweet fruit food,descripcion,1,True,car,True,True,apple,apple,22.387378692626953,22.387378692626953,,,,,,,
apple,red sweet fruit food,descripcion,2,True,car,True,True,apple,apple,25.978343963623047,25.978343963623047,31.017738342285156,9.90625,,,,,
apple,a crunchy apple,vivido,0,True,apple,True,True,apple,apple,19.011323928833008,19.011323928833008,,,,,,,
apple,a crunchy apple,vivido,1,True,apple,True,True,apple,apple,18.327091217041016,18.327091217041016,,,,,,,
apple,a crunchy apple,vivido,2,True,apple,True,True,apple,apple,20.57952880859375,20.57952880859375,25.13384437561035,8.203125,,,,,
apple,a crunchy apple,sustitucion,0,False,car,,,,,,,,,,,,,
apple,a crunchy apple,sustitucion,1,False,car,,,,,,,,,,,,,
apple,a crunchy apple,sustitucion,2,False,car,,,,,,,,,,,,,
apple,a crunchy apple,descripcion,0,True,car,True,True,apple,apple,22.866052627563477,22.866052627563477,,,,,,,
apple,a crunchy apple,descripcion,1,True,car,True,True,apple,apple,24.4665470123291,24.4665470123291,,,,,,,
apple,a crunchy apple,descripcion,2,True,car,True,True,apple,apple,22.93565559387207,22.93565559387207,32.921138763427734,9.90625,,,,,
apple,an apple from the orchard,vivido,0,True,apple,True,True,apple,apple,18.92852783203125,18.92852783203125,,,,,,,
apple,an apple from the orchard,vivido,1,True,apple,True,True,apple,apple,16.50719451904297,16.50719451904297,,,,,,,
apple,an apple from the orchard,vivido,2,True,apple,True,True,apple,apple,21.226848602294922,21.226848602294922,27.474611282348633,8.203125,,,,,
apple,an apple from the orchard,sustitucion,0,False,car,,,,,,,,,,,,,
apple,an apple from the orchard,sustitucion,1,False,car,,,,,,,,,,,,,
apple,an apple from the orchard,sustitucion,2,False,car,,,,,,,,,,,,,
apple,an apple from the orchard,descripcion,0,True,car,True,True,apple,apple,24.39188575744629,24.39188575744629,,,,,,,
apple,an apple from the orchard,descripcion,1,True,car,True,True,apple,apple,26.485506057739258,26.485506057739258,,,,,,,
apple,an apple from the orchard,descripcion,2,True,car,True,True,apple,apple,23.012737274169922,23.012737274169922,31.354703903198242,9.90625,,,,,
apple,a crunchy red apple,vivido,0,True,apple,True,True,apple,apple,23.626554489135742,23.626554489135742,,,,,,,
apple,a crunchy red apple,vivido,1,True,apple,True,True,apple,apple,17.49394416809082,17.49394416809082,,,,,,,
apple,a crunchy red apple,vivido,2,True,apple,True,True,apple,apple,20.063182830810547,20.063182830810547,31.624603271484375,8.96875,,,,,
apple,a crunchy red apple,sustitucion,0,True,tomato,False,False,tomato,tomato,50.453216552734375,21.74567985534668,,,,,,,
apple,a crunchy red apple,sustitucion,1,True,tomato,False,False,tomato,tomato,49.34662628173828,19.870683670043945,,,,,,,
apple,a crunchy red apple,sustitucion,2,True,tomato,False,False,tomato,tomato,47.154544830322266,21.2786865234375,29.411346435546875,6.828125,,,,,
apple,a crunchy red apple,descripcion,0,True,car,True,True,apple,apple,22.464740753173828,22.464740753173828,,,,,,,
apple,a crunchy red apple,descripcion,1,True,car,True,True,apple,apple,24.180477142333984,24.180477142333984,,,,,,,
apple,a crunchy red apple,descripcion,2,True,car,True,True,apple,apple,24.170249938964844,24.170249938964844,33.087791442871094,9.90625,,,,,
apple,an apple picked from a tree,vivido,0,True,apple,True,True,apple,apple,18.221445083618164,18.221445083618164,,,,,,,
apple,an apple picked from a tree,vivido,1,True,apple,True,True,apple,apple,22.315208435058594,22.315208435058594,,,,,,,
apple,an apple picked from a tree,vivido,2,True,apple,True,True,apple,apple,17.22929573059082,17.22929573059082,27.855255126953125,8.203125,,,,,
apple,an apple picked from a tree,sustitucion,0,False,car,,,,,,,,,,,,,
apple,an apple picked from a tree,sustitucion,1,False,car,,,,,,,,,,,,,
apple,an apple picked from a tree,sustitucion,2,False,car,,,,,,,,,,,,,
apple,an apple picked from a tree,descripcion,0,True,car,True,True,apple,apple,23.12384605407715,23.12384605407715,,,,,,,
apple,an apple picked from a tree,descripcion,1,True,car,True,True,apple,apple,24.130264282226562,24.130264282226562,,,,,,,
apple,an apple picked from a tree,descripcion,2,True,car,True,True,apple,apple,24.291969299316406,24.291969299316406,33.7899055480957,9.90625,,,,,
apple,a fresh orchard apple,vivido,0,True,apple,True,True,apple,apple,18.370376586914062,18.370376586914062,,,,,,,
apple,a fresh orchard apple,vivido,1,True,apple,True,True,apple,apple,19.05271339416504,19.05271339416504,,,,,,,
apple,a fresh orchard apple,vivido,2,True,apple,True,True,apple,apple,18.897811889648438,18.897811889648438,27.6844482421875,5.59375,,,,,
apple,a fresh orchard apple,sustitucion,0,False,car,,,,,,,,,,,,,
apple,a fresh orchard apple,sustitucion,1,False,car,,,,,,,,,,,,,
apple,a fresh orchard apple,sustitucion,2,False,car,,,,,,,,,,,,,
apple,a fresh orchard apple,descripcion,0,True,car,True,True,apple,apple,22.8782958984375,22.8782958984375,,,,,,,
apple,a fresh orchard apple,descripcion,1,True,car,True,True,apple,apple,22.680173873901367,22.680173873901367,,,,,,,
apple,a fresh orchard apple,descripcion,2,True,car,True,True,apple,apple,23.82754135131836,23.82754135131836,34.01955032348633,9.90625,,,,,
apple,a basket of orchard apples,vivido,0,True,apple,True,True,apple,apple,18.79759979248047,18.79759979248047,,,,,,,
apple,a basket of orchard apples,vivido,1,True,apple,True,True,apple,apple,20.60968589782715,20.60968589782715,,,,,,,
apple,a basket of orchard apples,vivido,2,True,apple,True,True,apple,apple,18.663110733032227,18.663110733032227,28.168100357055664,5.59375,,,,,
apple,a basket of orchard apples,sustitucion,0,False,car,,,,,,,,,,,,,
apple,a basket of orchard apples,sustitucion,1,False,car,,,,,,,,,,,,,
apple,a basket of orchard apples,sustitucion,2,False,car,,,,,,,,,,,,,
apple,a basket of orchard apples,descripcion,0,True,car,True,True,apple,apple,26.06778907775879,26.06778907775879,,,,,,,
apple,a basket of orchard apples,descripcion,1,True,car,True,True,apple,apple,25.09544563293457,25.09544563293457,,,,,,,
apple,a basket of orchard apples,descripcion,2,True,car,True,True,apple,apple,25.779644012451172,25.779644012451172,39.57981872558594,9.90625,,,,,
apple,an apple tree in the orchard,vivido,0,True,apple,True,True,apple,apple,20.13454818725586,20.13454818725586,,,,,,,
apple,an apple tree in the orchard,vivido,1,True,apple,True,True,apple,apple,21.19542121887207,21.19542121887207,,,,,,,
apple,an apple tree in the orchard,vivido,2,True,apple,True,True,apple,apple,18.820281982421875,18.820281982421875,28.751556396484375,8.203125,,,,,
apple,an apple tree in the orchard,sustitucion,0,False,car,,,,,,,,,,,,,
apple,an apple tree in the orchard,sustitucion,1,False,car,,,,,,,,,,,,,
apple,an apple tree in the orchard,sustitucion,2,False,car,,,,,,,,,,,,,
apple,an apple tree in the orchard,descripcion,0,True,car,True,True,apple,apple,23.397388458251953,23.397388458251953,,,,,,,
apple,an apple tree in the orchard,descripcion,1,True,car,True,True,apple,apple,26.26106071472168,26.26106071472168,,,,,,,
apple,an apple tree in the orchard,descripcion,2,True,car,True,True,apple,apple,27.166284561157227,27.166284561157227,34.33320236206055,9.90625,,,,,
apple,a crunchy green apple,vivido,0,True,apple,True,True,apple,apple,19.271921157836914,19.271921157836914,,,,,,,
apple,a crunchy green apple,vivido,1,True,apple,True,True,apple,apple,20.83555030822754,20.83555030822754,,,,,,,
apple,a crunchy green apple,vivido,2,True,apple,True,True,apple,apple,23.899900436401367,23.899900436401367,31.386083602905273,8.859375,,,,,
apple,a crunchy green apple,sustitucion,0,False,car,,,,,,,,,,,,,
apple,a crunchy green apple,sustitucion,1,False,car,,,,,,,,,,,,,
apple,a crunchy green apple,sustitucion,2,False,car,,,,,,,,,,,,,
apple,a crunchy green apple,descripcion,0,True,car,True,True,apple,apple,29.109777450561523,29.109777450561523,,,,,,,
apple,a crunchy green apple,descripcion,1,True,car,True,True,apple,apple,22.004776000976562,22.004776000976562,,,,,,,
apple,a crunchy green apple,descripcion,2,True,car,True,True,apple,apple,27.42974281311035,27.42974281311035,35.09627151489258,9.90625,,,,,
apple,a whole apple fruit,vivido,0,True,apple,True,True,apple,apple,18.732025146484375,18.732025146484375,,,,,,,
apple,a whole apple fruit,vivido,1,True,apple,True,True,apple,apple,17.587617874145508,17.587617874145508,,,,,,,
apple,a whole apple fruit,vivido,2,True,apple,True,True,apple,apple,17.44256591796875,17.44256591796875,24.514616012573242,8.203125,,,,,
apple,a whole apple fruit,sustitucion,0,False,car,,,,,,,,,,,,,
apple,a whole apple fruit,sustitucion,1,False,car,,,,,,,,,,,,,
apple,a whole apple fruit,sustitucion,2,False,car,,,,,,,,,,,,,
apple,a whole apple fruit,descripcion,0,True,car,True,True,apple,apple,27.12680435180664,27.12680435180664,,,,,,,
apple,a whole apple fruit,descripcion,1,True,car,True,True,apple,apple,24.846586227416992,24.846586227416992,,,,,,,
apple,a whole apple fruit,descripcion,2,True,car,True,True,apple,apple,24.626611709594727,24.626611709594727,36.138431549072266,9.90625,,,,,
apple,a shiny green apple,vivido,0,True,apple,True,True,apple,apple,21.689002990722656,21.689002990722656,,,,,,,
apple,a shiny green apple,vivido,1,True,apple,True,True,apple,apple,18.647361755371094,18.647361755371094,,,,,,,
apple,a shiny green apple,vivido,2,True,apple,True,True,apple,apple,20.06230354309082,20.06230354309082,33.24494934082031,8.859375,,,,,
apple,a shiny green apple,sustitucion,0,False,car,,,,,,,,,,,,,
apple,a shiny green apple,sustitucion,1,False,car,,,,,,,,,,,,,
apple,a shiny green apple,sustitucion,2,False,car,,,,,,,,,,,,,
apple,a shiny green apple,descripcion,0,True,car,True,True,apple,apple,25.067066192626953,25.067066192626953,,,,,,,
apple,a shiny green apple,descripcion,1,True,car,True,True,apple,apple,26.244937896728516,26.244937896728516,,,,,,,
apple,a shiny green apple,descripcion,2,True,car,True,True,apple,apple,24.142070770263672,24.142070770263672,34.579776763916016,9.90625,,,,,
apple,a sweet crunchy fruit,vivido,0,True,apple,True,True,apple,apple,27.292118072509766,27.292118072509766,,,,,,,
apple,a sweet crunchy fruit,vivido,1,True,apple,True,True,apple,apple,21.42778968811035,21.42778968811035,,,,,,,
apple,a sweet crunchy fruit,vivido,2,True,apple,True,True,apple,apple,23.939498901367188,23.939498901367188,36.88758850097656,9.46875,,,,,
apple,a sweet crunchy fruit,sustitucion,0,False,car,,,,,,,,,,,,,
apple,a sweet crunchy fruit,sustitucion,1,False,car,,,,,,,,,,,,,
apple,a sweet crunchy fruit,sustitucion,2,False,car,,,,,,,,,,,,,
apple,a sweet crunchy fruit,descripcion,0,True,car,True,True,apple,apple,31.259567260742188,31.259567260742188,,,,,,,
apple,a sweet crunchy fruit,descripcion,1,True,car,True,True,apple,apple,24.522043228149414,24.522043228149414,,,,,,,
apple,a sweet crunchy fruit,descripcion,2,True,car,True,True,apple,apple,26.294435501098633,26.294435501098633,36.93666076660156,9.90625,,,,,
apple,a firm crunchy apple,vivido,0,True,apple,True,True,apple,apple,19.65777015686035,19.65777015686035,,,,,,,
apple,a firm crunchy apple,vivido,1,True,apple,True,True,apple,apple,22.294166564941406,22.294166564941406,,,,,,,
apple,a firm crunchy apple,vivido,2,True,apple,True,True,apple,apple,17.25468635559082,17.25468635559082,27.870874404907227,8.203125,,,,,
apple,a firm crunchy apple,sustitucion,0,False,car,,,,,,,,,,,,,
apple,a firm crunchy apple,sustitucion,1,False,car,,,,,,,,,,,,,
apple,a firm crunchy apple,sustitucion,2,False,car,,,,,,,,,,,,,
apple,a firm crunchy apple,descripcion,0,True,car,True,True,apple,apple,27.411941528320312,27.411941528320312,,,,,,,
apple,a firm crunchy apple,descripcion,1,True,car,True,True,apple,apple,23.914215087890625,23.914215087890625,,,,,,,
apple,a firm crunchy apple,descripcion,2,True,car,True,True,apple,apple,27.666004180908203,27.666004180908203,31.96834373474121,9.90625,,,,,
apple,an apple orchard harvest,vivido,0,True,apple,True,True,apple,apple,17.74813461303711,17.74813461303711,,,,,,,
apple,an apple orchard harvest,vivido,1,True,apple,True,True,apple,apple,17.85930061340332,17.85930061340332,,,,,,,
apple,an apple orchard harvest,vivido,2,True,apple,True,True,apple,apple,18.22584342956543,18.22584342956543,24.98961639404297,8.203125,,,,,
apple,an apple orchard harvest,sustitucion,0,False,car,,,,,,,,,,,,,
apple,an apple orchard harvest,sustitucion,1,False,car,,,,,,,,,,,,,
apple,an apple orchard harvest,sustitucion,2,False,car,,,,,,,,,,,,,
apple,an apple orchard harvest,descripcion,0,True,car,True,True,apple,apple,23.512073516845703,23.512073516845703,,,,,,,
apple,an apple orchard harvest,descripcion,1,True,car,True,True,apple,apple,22.85599708557129,22.85599708557129,,,,,,,
apple,an apple orchard harvest,descripcion,2,True,car,True,True,apple,apple,28.508525848388672,28.508525848388672,34.471580505371094,9.90625,,,,,
apple,__ruteo__,ruteo,0,,,,,,,,,,,52,35,4,13,"{""vivido"": {""entre_consultas"": 30.7545108795166, ""dentro_consulta"": 30.482234028407504, ""F_dependencia"": 1.547528614311662}, ""sustitucion"": {""entre_consultas"": 38.53322982788086, ""dentro_consulta"": 28.470956802368164, ""F_dependencia"": 5.865329464471874}, ""descripcion"": {""entre_consultas"": 35.25053024291992, ""dentro_consulta"": 34.066488592965264, ""F_dependencia"": 1.485166009207679}}"
car,fast vehicle with wheels,vivido,0,True,car,True,True,car,car,24.667009353637695,24.667009353637695,,,,,,,
car,fast vehicle with wheels,vivido,1,True,car,True,True,car,car,27.674419403076172,27.674419403076172,,,,,,,
car,fast vehicle with wheels,vivido,2,True,car,True,True,car,car,24.53595542907715,24.53595542907715,35.639366149902344,10.265625,,,,,
car,fast vehicle with wheels,sustitucion,0,False,cow,,,,,,,,,,,,,
car,fast vehicle with wheels,sustitucion,1,False,cow,,,,,,,,,,,,,
car,fast vehicle with wheels,sustitucion,2,False,cow,,,,,,,,,,,,,
car,fast vehicle with wheels,descripcion,0,True,cow,True,True,car,car,25.917261123657227,25.917261123657227,,,,,,,
car,fast vehicle with wheels,descripcion,1,True,cow,True,True,car,car,25.257951736450195,25.257951736450195,,,,,,,
car,fast vehicle with wheels,descripcion,2,True,cow,True,True,car,car,29.695072174072266,29.695072174072266,39.612972259521484,10.703125,,,,,
car,machine for transportation,vivido,0,False,car,,,,,,,,,,,,,
car,machine for transportation,vivido,1,False,car,,,,,,,,,,,,,
car,machine for transportation,vivido,2,False,car,,,,,,,,,,,,,
car,machine for transportation,sustitucion,0,False,cow,,,,,,,,,,,,,
car,machine for transportation,sustitucion,1,False,cow,,,,,,,,,,,,,
car,machine for transportation,sustitucion,2,False,cow,,,,,,,,,,,,,
car,machine for transportation,descripcion,0,True,cow,True,True,car,car,26.679161071777344,26.679161071777344,,,,,,,
car,machine for transportation,descripcion,1,True,cow,True,True,car,car,26.166994094848633,26.166994094848633,,,,,,,
car,machine for transportation,descripcion,2,True,cow,True,True,car,car,29.71588134765625,29.71588134765625,38.472225189208984,10.703125,,,,,
car,has wheels and engine,vivido,0,True,car,True,True,car,car,26.660945892333984,26.660945892333984,,,,,,,
car,has wheels and engine,vivido,1,True,car,True,True,car,car,25.95504379272461,25.95504379272461,,,,,,,
car,has wheels and engine,vivido,2,True,car,True,True,car,car,27.683029174804688,27.683029174804688,38.374019622802734,8.3125,,,,,
car,has wheels and engine,sustitucion,0,False,cow,,,,,,,,,,,,,
car,has wheels and engine,sustitucion,1,False,cow,,,,,,,,,,,,,
car,has wheels and engine,sustitucion,2,False,cow,,,,,,,,,,,,,
car,has wheels and engine,descripcion,0,True,cow,True,True,car,car,24.566286087036133,24.566286087036133,,,,,,,
car,has wheels and engine,descripcion,1,True,cow,True,True,car,car,21.679513931274414,21.679513931274414,,,,,,,
car,has wheels and engine,descripcion,2,True,cow,True,True,car,car,27.410701751708984,27.410701751708984,35.46590805053711,10.703125,,,,,
car,a heavy vehicle,vivido,0,True,car,True,True,car,car,21.8832950592041,21.8832950592041,,,,,,,
car,a heavy vehicle,vivido,1,True,car,True,True,car,car,20.506338119506836,20.506338119506836,,,,,,,
car,a heavy vehicle,vivido,2,True,car,True,True,car,car,25.915424346923828,25.915424346923828,33.36574172973633,10.265625,,,,,
car,a heavy vehicle,sustitucion,0,False,cow,,,,,,,,,,,,,
car,a heavy vehicle,sustitucion,1,False,cow,,,,,,,,,,,,,
car,a heavy vehicle,sustitucion,2,False,cow,,,,,,,,,,,,,
car,a heavy vehicle,descripcion,0,True,cow,True,True,car,car,27.899253845214844,27.899253845214844,,,,,,,
car,a heavy vehicle,descripcion,1,True,cow,True,True,car,car,26.897226333618164,26.897226333618164,,,,,,,
car,a heavy vehicle,descripcion,2,True,cow,True,True,car,car,31.199893951416016,31.199893951416016,37.54534912109375,10.703125,,,,,
car,passenger transportation machine,vivido,0,False,car,,,,,,,,,,,,,
car,passenger transportation machine,vivido,1,False,car,,,,,,,,,,,,,
car,passenger transportation machine,vivido,2,False,car,,,,,,,,,,,,,
car,passenger transportation machine,sustitucion,0,False,cow,,,,,,,,,,,,,
car,passenger transportation machine,sustitucion,1,False,cow,,,,,,,,,,,,,
car,passenger transportation machine,sustitucion,2,False,cow,,,,,,,,,,,,,
car,passenger transportation machine,descripcion,0,True,cow,True,True,car,car,28.434139251708984,28.434139251708984,,,,,,,
car,passenger transportation machine,descripcion,1,True,cow,True,True,car,car,23.344982147216797,23.344982147216797,,,,,,,
car,passenger transportation machine,descripcion,2,True,cow,True,True,car,car,27.56601333618164,27.56601333618164,37.08206558227539,10.703125,,,,,
car,a motor vehicle,vivido,0,True,car,True,True,car,car,29.039796829223633,29.039796829223633,,,,,,,
car,a motor vehicle,vivido,1,True,car,True,True,car,car,30.756593704223633,30.756593704223633,,,,,,,
car,a motor vehicle,vivido,2,True,car,True,True,car,car,27.57880973815918,27.57880973815918,43.306522369384766,9.921875,,,,,
car,a motor vehicle,sustitucion,0,False,cow,,,,,,,,,,,,,
car,a motor vehicle,sustitucion,1,False,cow,,,,,,,,,,,,,
car,a motor vehicle,sustitucion,2,False,cow,,,,,,,,,,,,,
car,a motor vehicle,descripcion,0,True,cow,True,True,car,car,25.972932815551758,25.972932815551758,,,,,,,
car,a motor vehicle,descripcion,1,True,cow,True,True,car,car,26.129409790039062,26.129409790039062,,,,,,,
car,a motor vehicle,descripcion,2,True,cow,True,True,car,car,23.28463363647461,23.28463363647461,38.63909912109375,10.703125,,,,,
car,wheeled automobile,vivido,0,True,car,True,True,car,car,24.06407928466797,24.06407928466797,,,,,,,
car,wheeled automobile,vivido,1,True,car,True,True,car,car,26.934707641601562,26.934707641601562,,,,,,,
car,wheeled automobile,vivido,2,True,car,True,True,car,car,25.9172306060791,25.9172306060791,35.05684280395508,8.3125,,,,,
car,wheeled automobile,sustitucion,0,False,cow,,,,,,,,,,,,,
car,wheeled automobile,sustitucion,1,False,cow,,,,,,,,,,,,,
car,wheeled automobile,sustitucion,2,False,cow,,,,,,,,,,,,,
car,wheeled automobile,descripcion,0,True,cow,True,True,car,car,27.078384399414062,27.078384399414062,,,,,,,
car,wheeled automobile,descripcion,1,True,cow,True,True,car,car,25.428028106689453,25.428028106689453,,,,,,,
car,wheeled automobile,descripcion,2,True,cow,True,True,car,car,29.104204177856445,29.104204177856445,33.325042724609375,10.703125,,,,,
car,driving machine,vivido,0,True,car,True,True,car,car,23.032670974731445,23.032670974731445,,,,,,,
car,driving machine,vivido,1,True,car,True,True,car,car,20.14165687561035,20.14165687561035,,,,,,,
car,driving machine,vivido,2,True,car,True,True,car,car,20.76758575439453,20.76758575439453,28.777193069458008,9.53125,,,,,
car,driving machine,sustitucion,0,False,cow,,,,,,,,,,,,,
car,driving machine,sustitucion,1,False,cow,,,,,,,,,,,,,
car,driving machine,sustitucion,2,False,cow,,,,,,,,,,,,,
car,driving machine,descripcion,0,True,cow,True,True,car,car,28.607135772705078,28.607135772705078,,,,,,,
car,driving machine,descripcion,1,True,cow,True,True,car,car,24.706262588500977,24.706262588500977,,,,,,,
car,driving machine,descripcion,2,True,cow,True,True,car,car,25.61823844909668,25.61823844909668,33.1864128112793,10.703125,,,,,
car,crash and accident vehicle,vivido,0,True,car,True,True,car,car,31.227266311645508,31.227266311645508,,,,,,,
car,crash and accident vehicle,vivido,1,True,car,True,True,car,car,25.92281723022461,25.92281723022461,,,,,,,
car,crash and accident vehicle,vivido,2,True,car,True,True,car,car,28.664836883544922,28.664836883544922,37.4473991394043,8.8125,,,,,
car,crash and accident vehicle,sustitucion,0,False,cow,,,,,,,,,,,,,
car,crash and accident vehicle,sustitucion,1,False,cow,,,,,,,,,,,,,
car,crash and accident vehicle,sustitucion,2,False,cow,,,,,,,,,,,,,
car,crash and accident vehicle,descripcion,0,True,cow,True,True,car,car,29.78284454345703,29.78284454345703,,,,,,,
car,crash and accident vehicle,descripcion,1,True,cow,True,True,car,car,22.386375427246094,22.386375427246094,,,,,,,
car,crash and accident vehicle,descripcion,2,True,cow,True,True,car,car,27.689218521118164,27.689218521118164,36.77482604980469,10.703125,,,,,
car,vehicle with driver,vivido,0,True,car,True,True,car,car,24.282995223999023,24.282995223999023,,,,,,,
car,vehicle with driver,vivido,1,True,car,True,True,car,car,24.79820442199707,24.79820442199707,,,,,,,
car,vehicle with driver,vivido,2,True,car,True,True,car,car,25.860017776489258,25.860017776489258,36.42428970336914,10.265625,,,,,
car,vehicle with driver,sustitucion,0,False,cow,,,,,,,,,,,,,
car,vehicle with driver,sustitucion,1,False,cow,,,,,,,,,,,,,
car,vehicle with driver,sustitucion,2,False,cow,,,,,,,,,,,,,
car,vehicle with driver,descripcion,0,True,cow,True,True,car,car,28.793588638305664,28.793588638305664,,,,,,,
car,vehicle with driver,descripcion,1,True,cow,True,True,car,car,21.843095779418945,21.843095779418945,,,,,,,
car,vehicle with driver,descripcion,2,True,cow,True,True,car,car,25.833141326904297,25.833141326904297,31.8101749420166,10.703125,,,,,
car,transportation vehicle,vivido,0,True,car,True,True,car,car,22.962411880493164,22.962411880493164,,,,,,,
car,transportation vehicle,vivido,1,True,car,True,True,car,car,25.62444496154785,25.62444496154785,,,,,,,
car,transportation vehicle,vivido,2,True,car,True,True,car,car,26.69183349609375,26.69183349609375,35.27474594116211,10.265625,,,,,
car,transportation vehicle,sustitucion,0,False,cow,,,,,,,,,,,,,
car,transportation vehicle,sustitucion,1,False,cow,,,,,,,,,,,,,
car,transportation vehicle,sustitucion,2,False,cow,,,,,,,,,,,,,
car,transportation vehicle,descripcion,0,True,cow,True,True,car,car,26.94351577758789,26.94351577758789,,,,,,,
car,transportation vehicle,descripcion,1,True,cow,True,True,car,car,23.76849365234375,23.76849365234375,,,,,,,
car,transportation vehicle,descripcion,2,True,cow,True,True,car,car,27.33753204345703,27.33753204345703,35.67534255981445,10.703125,,,,,
car,seats and windows vehicle,vivido,0,True,car,True,True,car,car,26.115821838378906,26.115821838378906,,,,,,,
car,seats and windows vehicle,vivido,1,True,car,True,True,car,car,25.283296585083008,25.283296585083008,,,,,,,
car,seats and windows vehicle,vivido,2,True,car,True,True,car,car,27.019046783447266,27.019046783447266,37.81892013549805,9.28125,,,,,
car,seats and windows vehicle,sustitucion,0,False,cow,,,,,,,,,,,,,
car,seats and windows vehicle,sustitucion,1,False,cow,,,,,,,,,,,,,
car,seats and windows vehicle,sustitucion,2,False,cow,,,,,,,,,,,,,
car,seats and windows vehicle,descripcion,0,True,cow,True,True,car,car,27.165042877197266,27.165042877197266,,,,,,,
car,seats and windows vehicle,descripcion,1,True,cow,True,True,car,car,23.859272003173828,23.859272003173828,,,,,,,
car,seats and windows vehicle,descripcion,2,True,cow,True,True,car,car,26.324195861816406,26.324195861816406,35.28193283081055,10.703125,,,,,
car,motor vehicle transport,vivido,0,True,car,True,True,car,car,34.12025451660156,34.12025451660156,,,,,,,
car,motor vehicle transport,vivido,1,True,car,True,True,car,car,30.62937355041504,30.62937355041504,,,,,,,
car,motor vehicle transport,vivido,2,True,car,True,True,car,car,31.231098175048828,31.231098175048828,44.47849655151367,9.921875,,,,,
car,motor vehicle transport,sustitucion,0,False,cow,,,,,,,,,,,,,
car,motor vehicle transport,sustitucion,1,False,cow,,,,,,,,,,,,,
car,motor vehicle transport,sustitucion,2,False,cow,,,,,,,,,,,,,
car,motor vehicle transport,descripcion,0,True,cow,True,True,car,car,31.183298110961914,31.183298110961914,,,,,,,
car,motor vehicle transport,descripcion,1,True,cow,True,True,car,car,22.6191349029541,22.6191349029541,,,,,,,
car,motor vehicle transport,descripcion,2,True,cow,True,True,car,car,27.144254684448242,27.144254684448242,32.949283599853516,10.703125,,,,,
car,wheeled transportation,vivido,0,False,car,,,,,,,,,,,,,
car,wheeled transportation,vivido,1,False,car,,,,,,,,,,,,,
car,wheeled transportation,vivido,2,False,car,,,,,,,,,,,,,
car,wheeled transportation,sustitucion,0,False,cow,,,,,,,,,,,,,
car,wheeled transportation,sustitucion,1,False,cow,,,,,,,,,,,,,
car,wheeled transportation,sustitucion,2,False,cow,,,,,,,,,,,,,
car,wheeled transportation,descripcion,0,True,cow,True,True,car,car,26.110824584960938,26.110824584960938,,,,,,,
car,wheeled transportation,descripcion,1,True,cow,True,True,car,car,26.868207931518555,26.868207931518555,,,,,,,
car,wheeled transportation,descripcion,2,True,cow,True,True,car,car,26.2635498046875,26.2635498046875,32.37309265136719,10.703125,,,,,
car,crash vehicle,vivido,0,True,car,True,True,car,car,31.23481559753418,31.23481559753418,,,,,,,
car,crash vehicle,vivido,1,True,car,True,True,car,car,29.172096252441406,29.172096252441406,,,,,,,
car,crash vehicle,vivido,2,True,car,True,True,car,car,29.82715606689453,29.82715606689453,39.54439926147461,8.8125,,,,,
car,crash vehicle,sustitucion,0,False,cow,,,,,,,,,,,,,
car,crash vehicle,sustitucion,1,False,cow,,,,,,,,,,,,,
car,crash vehicle,sustitucion,2,False,cow,,,,,,,,,,,,,
car,crash vehicle,descripcion,0,True,cow,True,True,car,car,26.183565139770508,26.183565139770508,,,,,,,
car,crash vehicle,descripcion,1,True,cow,True,True,car,car,26.338760375976562,26.338760375976562,,,,,,,
car,crash vehicle,descripcion,2,True,cow,True,True,car,car,25.61138153076172,25.61138153076172,36.67448806762695,10.703125,,,,,
car,auto transportation machine,vivido,0,True,car,True,True,car,car,22.467824935913086,22.467824935913086,,,,,,,
car,auto transportation machine,vivido,1,True,car,True,True,car,car,25.031824111938477,25.031824111938477,,,,,,,
car,auto transportation machine,vivido,2,True,car,True,True,car,car,19.98379898071289,19.98379898071289,31.786903381347656,10.359375,,,,,
car,auto transportation machine,sustitucion,0,False,cow,,,,,,,,,,,,,
car,auto transportation machine,sustitucion,1,False,cow,,,,,,,,,,,,,
car,auto transportation machine,sustitucion,2,False,cow,,,,,,,,,,,,,
car,auto transportation machine,descripcion,0,True,cow,True,True,car,car,26.167709350585938,26.167709350585938,,,,,,,
car,auto transportation machine,descripcion,1,True,cow,True,True,car,car,27.069889068603516,27.069889068603516,,,,,,,
car,auto transportation machine,descripcion,2,True,cow,True,True,car,car,26.6424503326416,26.6424503326416,37.269283294677734,10.703125,,,,,
car,a car with a powerful engine,vivido,0,True,car,True,True,car,car,25.364229202270508,25.364229202270508,,,,,,,
car,a car with a powerful engine,vivido,1,True,car,True,True,car,car,25.643157958984375,25.643157958984375,,,,,,,
car,a car with a powerful engine,vivido,2,True,car,True,True,car,car,25.08079719543457,25.08079719543457,37.1287841796875,9.890625,,,,,
car,a car with a powerful engine,sustitucion,0,False,cow,,,,,,,,,,,,,
car,a car with a powerful engine,sustitucion,1,False,cow,,,,,,,,,,,,,
car,a car with a powerful engine,sustitucion,2,False,cow,,,,,,,,,,,,,
car,a car with a powerful engine,descripcion,0,True,cow,True,True,car,car,24.75282096862793,24.75282096862793,,,,,,,
car,a car with a powerful engine,descripcion,1,True,cow,True,True,car,car,25.825239181518555,25.825239181518555,,,,,,,
car,a car with a powerful engine,descripcion,2,True,cow,True,True,car,car,27.42094612121582,27.42094612121582,33.61337661743164,10.703125,,,,,
car,a car with four wheels and doors,vivido,0,True,car,True,True,car,car,30.456256866455078,30.456256866455078,,,,,,,
car,a car with four wheels and doors,vivido,1,True,car,True,True,car,car,23.528987884521484,23.528987884521484,,,,,,,
car,a car with four wheels and doors,vivido,2,True,car,True,True,car,car,27.379119873046875,27.379119873046875,37.216854095458984,9.890625,,,,,
car,a car with four wheels and doors,sustitucion,0,False,cow,,,,,,,,,,,,,
car,a car with four wheels and doors,sustitucion,1,False,cow,,,,,,,,,,,,,
car,a car with four wheels and doors,sustitucion,2,False,cow,,,,,,,,,,,,,
car,a car with four wheels and doors,descripcion,0,True,cow,True,True,car,car,22.19135093688965,22.19135093688965,,,,,,,
car,a car with four wheels and doors,descripcion,1,True,cow,True,True,car,car,26.609636306762695,26.609636306762695,,,,,,,
car,a car with four wheels and doors,descripcion,2,True,cow,True,True,car,car,27.072608947753906,27.072608947753906,38.08723449707031,10.703125,,,,,
car,a car engine under the hood,vivido,0,True,car,True,True,car,car,23.329832077026367,23.329832077026367,,,,,,,
car,a car engine under the hood,vivido,1,True,car,True,True,car,car,25.57998275756836,25.57998275756836,,,,,,,
car,a car engine under the hood,vivido,2,True,car,True,True,car,car,26.91231918334961,26.91231918334961,33.3206672668457,9.890625,,,,,
car,a car engine under the hood,sustitucion,0,False,cow,,,,,,,,,,,,,
car,a car engine under the hood,sustitucion,1,False,cow,,,,,,,,,,,,,
car,a car engine under the hood,sustitucion,2,False,cow,,,,,,,,,,,,,
car,a car engine under the hood,descripcion,0,True,cow,True,True,car,car,24.89463233947754,24.89463233947754,,,,,,,
car,a car engine under the hood,descripcion,1,True,cow,True,True,car,car,26.255901336669922,26.255901336669922,,,,,,,
car,a car engine under the hood,descripcion,2,True,cow,True,True,car,car,24.42593002319336,24.42593002319336,36.10050582885742,10.703125,,,,,
car,a car with a steering wheel,vivido,0,True,car,True,True,car,car,27.928918838500977,27.928918838500977,,,,,,,
car,a car with a steering wheel,vivido,1,True,car,True,True,car,car,24.998533248901367,24.998533248901367,,,,,,,
car,a car with a steering wheel,vivido,2,True,car,True,True,car,car,26.032302856445312,26.032302856445312,37.24596405029297,9.890625,,,,,
car,a car with a steering wheel,sustitucion,0,False,cow,,,,,,,,,,,,,
car,a car with a steering wheel,sustitucion,1,False,cow,,,,,,,,,,,,,
car,a car with a steering wheel,sustitucion,2,False,cow,,,,,,,,,,,,,
car,a car with a steering wheel,descripcion,0,True,cow,True,True,car,car,23.998876571655273,23.998876571655273,,,,,,,
car,a car with a steering wheel,descripcion,1,True,cow,True,True,car,car,27.78043556213379,27.78043556213379,,,,,,,
car,a car with a steering wheel,descripcion,2,True,cow,True,True,car,car,24.572561264038086,24.572561264038086,33.51124572753906,10.703125,,,,,
car,a car with alloy wheels,vivido,0,True,car,True,True,car,car,21.52686309814453,21.52686309814453,,,,,,,
car,a car with alloy wheels,vivido,1,True,car,True,True,car,car,24.46794891357422,24.46794891357422,,,,,,,
car,a car with alloy wheels,vivido,2,True,car,True,True,car,car,24.143672943115234,24.143672943115234,29.913137435913086,9.890625,,,,,
car,a car with alloy wheels,sustitucion,0,False,cow,,,,,,,,,,,,,
car,a car with alloy wheels,sustitucion,1,False,cow,,,,,,,,,,,,,
car,a car with alloy wheels,sustitucion,2,False,cow,,,,,,,,,,,,,
car,a car with alloy wheels,descripcion,0,True,cow,True,True,car,car,25.23342514038086,25.23342514038086,,,,,,,
car,a car with alloy wheels,descripcion,1,True,cow,True,True,car,car,24.072595596313477,24.072595596313477,,,,,,,
car,a car with alloy wheels,descripcion,2,True,cow,True,True,car,car,28.225675582885742,28.225675582885742,35.89365005493164,10.703125,,,,,
car,a car engine roaring to life,vivido,0,True,car,True,True,car,car,23.170700073242188,23.170700073242188,,,,,,,
car,a car engine roaring to life,vivido,1,True,car,True,True,car,car,21.620073318481445,21.620073318481445,,,,,,,
car,a car engine roaring to life,vivido,2,True,car,True,True,car,car,26.04631805419922,26.04631805419922,35.52298355102539,9.890625,,,,,
car,a car engine roaring to life,sustitucion,0,False,cow,,,,,,,,,,,,,
car,a car engine roaring to life,sustitucion,1,False,cow,,,,,,,,,,,,,
car,a car engine roaring to life,sustitucion,2,False,cow,,,,,,,,,,,,,
car,a car engine roaring to life,descripcion,0,True,cow,True,True,car,car,28.17818260192871,28.17818260192871,,,,,,,
car,a car engine roaring to life,descripcion,1,True,cow,True,True,car,car,25.026687622070312,25.026687622070312,,,,,,,
car,a car engine roaring to life,descripcion,2,True,cow,True,True,car,car,28.579418182373047,28.579418182373047,35.215179443359375,10.703125,,,,,
car,a car with a dashboard and steering wheel,vivido,0,True,car,True,True,car,car,23.14988136291504,23.14988136291504,,,,,,,
car,a car with a dashboard and steering wheel,vivido,1,True,car,True,True,car,car,25.109128952026367,25.109128952026367,,,,,,,
car,a car with a dashboard and steering wheel,vivido,2,True,car,True,True,car,car,22.88006019592285,22.88006019592285,31.617631912231445,9.890625,,,,,
car,a car with a dashboard and steering wheel,sustitucion,0,False,cow,,,,,,,,,,,,,
car,a car with a dashboard and steering wheel,sustitucion,1,False,cow,,,,,,,,,,,,,
car,a car with a dashboard and steering wheel,sustitucion,2,False,cow,,,,,,,,,,,,,
car,a car with a dashboard and steering wheel,descripcion,0,True,cow,True,True,car,car,27.056880950927734,27.056880950927734,,,,,,,
car,a car with a dashboard and steering wheel,descripcion,1,True,cow,True,True,car,car,22.730863571166992,22.730863571166992,,,,,,,
car,a car with a dashboard and steering wheel,descripcion,2,True,cow,True,True,car,car,22.580759048461914,22.580759048461914,32.66328811645508,10.703125,,,,,
car,__ruteo__,ruteo,0,,,,,,,,,,,51,23,2,26,"{""vivido"": {""entre_consultas"": 37.561466217041016, ""dentro_consulta"": 35.96304311752319, ""F_dependencia"": 1.7205433733779467}, ""sustitucion"": {""entre_consultas"": NaN, ""dentro_consulta"": NaN, ""F_dependencia"": NaN}, ""descripcion"": {""entre_consultas"": 36.55573654174805, ""dentro_consulta"": 35.531390397445016, ""F_dependencia"": 1.5665813740381682}}"
cow,a farm animal that gives milk,vivido,0,True,cow,True,True,cow,cow,17.499080657958984,17.499080657958984,,,,,,,
cow,a farm animal that gives milk,vivido,1,True,cow,True,True,cow,cow,16.549989700317383,16.549989700317383,,,,,,,
cow,a farm animal that gives milk,vivido,2,True,cow,True,True,cow,cow,14.950056076049805,14.950056076049805,23.418222427368164,7.6875,,,,,
cow,a farm animal that gives milk,sustitucion,0,True,horse,False,False,horse,horse,37.585594177246094,17.344762802124023,,,,,,,
cow,a farm animal that gives milk,sustitucion,1,True,horse,False,False,horse,horse,36.58641052246094,27.095367431640625,,,,,,,
cow,a farm animal that gives milk,sustitucion,2,True,horse,False,False,horse,horse,35.69812774658203,17.64995574951172,30.261816024780273,8.140625,,,,,
cow,a farm animal that gives milk,descripcion,0,True,cup,True,True,cow,cow,21.01612663269043,21.01612663269043,,,,,,,
cow,a farm animal that gives milk,descripcion,1,True,cup,True,True,cow,cow,23.884048461914062,23.884048461914062,,,,,,,
cow,a farm animal that gives milk,descripcion,2,True,cup,True,True,cow,cow,25.518104553222656,25.518104553222656,32.106468200683594,8.671875,,,,,
cow,bovine cattle beast,vivido,0,True,cow,True,True,cow,cow,15.325875282287598,15.325875282287598,,,,,,,
cow,bovine cattle beast,vivido,1,True,cow,True,True,cow,cow,22.71238899230957,22.71238899230957,,,,,,,
cow,bovine cattle beast,vivido,2,True,cow,True,True,cow,cow,14.754315376281738,14.754315376281738,27.19256019592285,7.875,,,,,
cow,bovine cattle beast,sustitucion,0,False,cup,,,,,,,,,,,,,
cow,bovine cattle beast,sustitucion,1,False,cup,,,,,,,,,,,,,
cow,bovine cattle beast,sustitucion,2,False,cup,,,,,,,,,,,,,
cow,bovine cattle beast,descripcion,0,True,cup,True,True,cow,cow,22.08955192565918,22.08955192565918,,,,,,,
cow,bovine cattle beast,descripcion,1,True,cup,True,True,cow,cow,24.33693504333496,24.33693504333496,,,,,,,
cow,bovine cattle beast,descripcion,2,True,cup,True,True,cow,cow,19.855165481567383,19.855165481567383,32.011226654052734,8.671875,,,,,
cow,moo animal on the farm,vivido,0,True,cow,True,True,cow,cow,18.851564407348633,18.851564407348633,,,,,,,
cow,moo animal on the farm,vivido,1,True,cow,True,True,cow,cow,24.809375762939453,24.809375762939453,,,,,,,
cow,moo animal on the farm,vivido,2,True,cow,True,True,cow,cow,15.642516136169434,15.642516136169434,29.85174560546875,7.375,,,,,
cow,moo animal on the farm,sustitucion,0,True,horse,False,False,horse,horse,33.444698333740234,17.212284088134766,,,,,,,
cow,moo animal on the farm,sustitucion,1,True,horse,False,False,horse,horse,41.92207336425781,27.94382667541504,,,,,,,
cow,moo animal on the farm,sustitucion,2,True,horse,False,False,horse,horse,36.020023345947266,19.761505126953125,30.0412654876709,8.140625,,,,,
cow,moo animal on the farm,descripcion,0,True,cup,True,True,cow,cow,21.33489990234375,21.33489990234375,,,,,,,
cow,moo animal on the farm,descripcion,1,True,cup,True,True,cow,cow,17.91645622253418,17.91645622253418,,,,,,,
cow,moo animal on the farm,descripcion,2,True,cup,True,True,cow,cow,22.354446411132812,22.354446411132812,31.139862060546875,8.671875,,,,,
cow,large placental mammal on a farm,vivido,0,True,cow,True,True,cow,cow,17.10124397277832,17.10124397277832,,,,,,,
cow,large placental mammal on a farm,vivido,1,True,cow,True,True,cow,cow,16.21299934387207,16.21299934387207,,,,,,,
cow,large placental mammal on a farm,vivido,2,True,cow,True,True,cow,cow,16.126625061035156,16.126625061035156,24.622228622436523,6.640625,,,,,
cow,large placental mammal on a farm,sustitucion,0,False,cup,,,,,,,,,,,,,
cow,large placental mammal on a farm,sustitucion,1,False,cup,,,,,,,,,,,,,
cow,large placental mammal on a farm,sustitucion,2,False,cup,,,,,,,,,,,,,
cow,large placental mammal on a farm,descripcion,0,True,cup,True,True,cow,cow,21.57247543334961,21.57247543334961,,,,,,,
cow,large placental mammal on a farm,descripcion,1,True,cup,True,True,cow,cow,20.78434181213379,20.78434181213379,,,,,,,
cow,large placental mammal on a farm,descripcion,2,True,cup,True,True,cow,cow,18.25538444519043,18.25538444519043,33.30223083496094,8.671875,,,,,
cow,a milk producing cattle beast,vivido,0,True,cow,True,True,cow,cow,13.613789558410645,13.613789558410645,,,,,,,
cow,a milk producing cattle beast,vivido,1,True,cow,True,True,cow,cow,16.3983154296875,16.3983154296875,,,,,,,
cow,a milk producing cattle beast,vivido,2,True,cow,True,True,cow,cow,17.498733520507812,17.498733520507812,21.787973403930664,8.1875,,,,,
cow,a milk producing cattle beast,sustitucion,0,False,cup,,,,,,,,,,,,,
cow,a milk producing cattle beast,sustitucion,1,False,cup,,,,,,,,,,,,,
cow,a milk producing cattle beast,sustitucion,2,False,cup,,,,,,,,,,,,,
cow,a milk producing cattle beast,descripcion,0,True,cup,True,True,cow,cow,21.276037216186523,21.276037216186523,,,,,,,
cow,a milk producing cattle beast,descripcion,1,True,cup,True,True,cow,cow,23.36357307434082,23.36357307434082,,,,,,,
cow,a milk producing cattle beast,descripcion,2,True,cup,True,True,cow,cow,23.228404998779297,23.228404998779297,32.80775833129883,8.671875,,,,,
cow,farm bull or cattle animal,vivido,0,True,cow,True,True,cow,cow,23.30502700805664,23.30502700805664,,,,,,,
cow,farm bull or cattle animal,vivido,1,True,cow,True,True,cow,cow,16.226396560668945,16.226396560668945,,,,,,,
cow,farm bull or cattle animal,vivido,2,True,cow,True,True,cow,cow,17.623228073120117,17.623228073120117,29.00482940673828,7.6875,,,,,
cow,farm bull or cattle animal,sustitucion,0,True,horse,False,False,horse,horse,38.6968879699707,19.890336990356445,,,,,,,
cow,farm bull or cattle animal,sustitucion,1,True,horse,False,False,horse,horse,35.97511291503906,20.332656860351562,,,,,,,
cow,farm bull or cattle animal,sustitucion,2,True,horse,False,False,horse,horse,35.743038177490234,17.043230056762695,24.753984451293945,8.140625,,,,,
cow,farm bull or cattle animal,descripcion,0,True,cup,True,True,cow,cow,21.131351470947266,21.131351470947266,,,,,,,
cow,farm bull or cattle animal,descripcion,1,True,cup,True,True,cow,cow,18.77666664123535,18.77666664123535,,,,,,,
cow,farm bull or cattle animal,descripcion,2,True,cup,True,True,cow,cow,22.54770278930664,22.54770278930664,27.949209213256836,8.671875,,,,,
cow,animal with udders and milk,vivido,0,True,cow,True,True,cow,cow,22.849565505981445,22.849565505981445,,,,,,,
cow,animal with udders and milk,vivido,1,True,cow,True,True,cow,cow,23.08211326599121,23.08211326599121,,,,,,,
cow,animal with udders and milk,vivido,2,True,cow,True,True,cow,cow,24.299766540527344,24.299766540527344,34.85567855834961,7.390625,,,,,
cow,animal with udders and milk,sustitucion,0,True,horse,False,False,horse,horse,38.532066345214844,26.02914047241211,,,,,,,
cow,animal with udders and milk,sustitucion,1,True,horse,False,False,horse,horse,33.79815673828125,17.729276657104492,,,,,,,
cow,animal with udders and milk,sustitucion,2,True,horse,False,False,horse,horse,39.48786926269531,25.158845901489258,32.984859466552734,8.140625,,,,,
cow,animal with udders and milk,descripcion,0,True,cup,True,True,cow,cow,20.963674545288086,20.963674545288086,,,,,,,
cow,animal with udders and milk,descripcion,1,True,cup,True,True,cow,cow,21.906253814697266,21.906253814697266,,,,,,,
cow,animal with udders and milk,descripcion,2,True,cup,True,True,cow,cow,22.515642166137695,22.515642166137695,28.22992515563965,8.671875,,,,,
cow,bovine farm mammal that moos,vivido,0,True,cow,True,True,cow,cow,13.943483352661133,13.943483352661133,,,,,,,
cow,bovine farm mammal that moos,vivido,1,True,cow,True,True,cow,cow,18.718549728393555,18.718549728393555,,,,,,,
cow,bovine farm mammal that moos,vivido,2,True,cow,True,True,cow,cow,18.452762603759766,18.452762603759766,23.329896926879883,7.875,,,,,
cow,bovine farm mammal that moos,sustitucion,0,False,cup,,,,,,,,,,,,,
cow,bovine farm mammal that moos,sustitucion,1,False,cup,,,,,,,,,,,,,
cow,bovine farm mammal that moos,sustitucion,2,False,cup,,,,,,,,,,,,,
cow,bovine farm mammal that moos,descripcion,0,True,cup,True,True,cow,cow,18.13381576538086,18.13381576538086,,,,,,,
cow,bovine farm mammal that moos,descripcion,1,True,cup,True,True,cow,cow,19.46389389038086,19.46389389038086,,,,,,,
cow,bovine farm mammal that moos,descripcion,2,True,cup,True,True,cow,cow,23.8221378326416,23.8221378326416,30.60259437561035,8.671875,,,,,
cow,beef cattle on the farm,vivido,0,True,cow,True,True,cow,cow,17.85003662109375,17.85003662109375,,,,,,,
cow,beef cattle on the farm,vivido,1,True,cow,True,True,cow,cow,18.743999481201172,18.743999481201172,,,,,,,
cow,beef cattle on the farm,vivido,2,True,cow,True,True,cow,cow,17.868837356567383,17.868837356567383,28.157678604125977,8.25,,,,,
cow,beef cattle on the farm,sustitucion,0,False,cup,,,,,,,,,,,,,
cow,beef cattle on the farm,sustitucion,1,False,cup,,,,,,,,,,,,,
cow,beef cattle on the farm,sustitucion,2,False,cup,,,,,,,,,,,,,
cow,beef cattle on the farm,descripcion,0,True,cup,True,True,cow,cow,21.049026489257812,21.049026489257812,,,,,,,
cow,beef cattle on the farm,descripcion,1,True,cup,True,True,cow,cow,25.48744010925293,25.48744010925293,,,,,,,
cow,beef cattle on the farm,descripcion,2,True,cup,True,True,cow,cow,20.14174461364746,20.14174461364746,33.01767349243164,8.671875,,,,,
cow,big farm animal that says moo,vivido,0,True,cow,True,True,cow,cow,19.36902618408203,19.36902618408203,,,,,,,
cow,big farm animal that says moo,vivido,1,True,cow,True,True,cow,cow,17.388778686523438,17.388778686523438,,,,,,,
cow,big farm animal that says moo,vivido,2,True,cow,True,True,cow,cow,18.870393753051758,18.870393753051758,28.41510581970215,7.6875,,,,,
cow,big farm animal that says moo,sustitucion,0,True,horse,False,False,horse,horse,36.26334762573242,18.90748405456543,,,,,,,
cow,big farm animal that says moo,sustitucion,1,True,horse,False,False,horse,horse,36.17292404174805,18.348182678222656,,,,,,,
cow,big farm animal that says moo,sustitucion,2,True,horse,False,False,horse,horse,39.56284713745117,18.36722755432129,24.38902473449707,8.140625,,,,,
cow,big farm animal that says moo,descripcion,0,True,cup,True,True,cow,cow,22.690946578979492,22.690946578979492,,,,,,,
cow,big farm animal that says moo,descripcion,1,True,cup,True,True,cow,cow,20.75252342224121,20.75252342224121,,,,,,,
cow,big farm animal that says moo,descripcion,2,True,cup,True,True,cow,cow,21.95675277709961,21.95675277709961,33.16746139526367,8.671875,,,,,
cow,a cattle beast with udder,vivido,0,True,cow,True,True,cow,cow,23.288057327270508,23.288057327270508,,,,,,,
cow,a cattle beast with udder,vivido,1,True,cow,True,True,cow,cow,21.923974990844727,21.923974990844727,,,,,,,
cow,a cattle beast with udder,vivido,2,True,cow,True,True,cow,cow,16.42103385925293,16.42103385925293,28.662240982055664,8.234375,,,,,
cow,a cattle beast with udder,sustitucion,0,False,cup,,,,,,,,,,,,,
cow,a cattle beast with udder,sustitucion,1,False,cup,,,,,,,,,,,,,
cow,a cattle beast with udder,sustitucion,2,False,cup,,,,,,,,,,,,,
cow,a cattle beast with udder,descripcion,0,True,cup,True,True,cow,cow,22.92841339111328,22.92841339111328,,,,,,,
cow,a cattle beast with udder,descripcion,1,True,cup,True,True,cow,cow,23.615198135375977,23.615198135375977,,,,,,,
cow,a cattle beast with udder,descripcion,2,True,cup,True,True,cow,cow,23.312435150146484,23.312435150146484,33.81582260131836,8.671875,,,,,
cow,domestic bovine farm animal,vivido,0,True,cow,True,True,cow,cow,21.60498809814453,21.60498809814453,,,,,,,
cow,domestic bovine farm animal,vivido,1,True,cow,True,True,cow,cow,24.11416244506836,24.11416244506836,,,,,,,
cow,domestic bovine farm animal,vivido,2,True,cow,True,True,cow,cow,24.905263900756836,24.905263900756836,33.03761672973633,7.875,,,,,
cow,domestic bovine farm animal,sustitucion,0,True,horse,False,False,horse,horse,39.116432189941406,27.07469940185547,,,,,,,
cow,domestic bovine farm animal,sustitucion,1,True,horse,False,False,horse,horse,36.133995056152344,26.4381103515625,,,,,,,
cow,domestic bovine farm animal,sustitucion,2,True,horse,False,False,horse,horse,36.67449188232422,17.895984649658203,35.16093444824219,8.140625,,,,,
cow,domestic bovine farm animal,descripcion,0,True,cup,True,True,cow,cow,21.471839904785156,21.471839904785156,,,,,,,
cow,domestic bovine farm animal,descripcion,1,True,cup,True,True,cow,cow,25.88081932067871,25.88081932067871,,,,,,,
cow,domestic bovine farm animal,descripcion,2,True,cup,True,True,cow,cow,20.67918586730957,20.67918586730957,30.543127059936523,8.671875,,,,,
cow,farm mammal raised for beef,vivido,0,True,cow,True,True,cow,cow,24.972883224487305,24.972883224487305,,,,,,,
cow,farm mammal raised for beef,vivido,1,True,cow,True,True,cow,cow,16.35488510131836,16.35488510131836,,,,,,,
cow,farm mammal raised for beef,vivido,2,True,cow,True,True,cow,cow,19.71430206298828,19.71430206298828,28.288896560668945,7.6875,,,,,
cow,farm mammal raised for beef,sustitucion,0,False,cup,,,,,,,,,,,,,
cow,farm mammal raised for beef,sustitucion,1,False,cup,,,,,,,,,,,,,
cow,farm mammal raised for beef,sustitucion,2,False,cup,,,,,,,,,,,,,
cow,farm mammal raised for beef,descripcion,0,True,cup,True,True,cow,cow,22.046894073486328,22.046894073486328,,,,,,,
cow,farm mammal raised for beef,descripcion,1,True,cup,True,True,cow,cow,21.50336456298828,21.50336456298828,,,,,,,
cow,farm mammal raised for beef,descripcion,2,True,cup,True,True,cow,cow,24.236082077026367,24.236082077026367,32.055992126464844,8.671875,,,,,
cow,cattle grazing on the farm,vivido,0,True,cow,True,True,cow,cow,17.944087982177734,17.944087982177734,,,,,,,
cow,cattle grazing on the farm,vivido,1,True,cow,True,True,cow,cow,18.42865562438965,18.42865562438965,,,,,,,
cow,cattle grazing on the farm,vivido,2,True,cow,True,True,cow,cow,24.8175048828125,24.8175048828125,27.924209594726562,8.234375,,,,,
cow,cattle grazing on the farm,sustitucion,0,False,cup,,,,,,,,,,,,,
cow,cattle grazing on the farm,sustitucion,1,False,cup,,,,,,,,,,,,,
cow,cattle grazing on the farm,sustitucion,2,False,cup,,,,,,,,,,,,,
cow,cattle grazing on the farm,descripcion,0,True,cup,True,True,cow,cow,18.840526580810547,18.840526580810547,,,,,,,
cow,cattle grazing on the farm,descripcion,1,True,cup,True,True,cow,cow,19.250896453857422,19.250896453857422,,,,,,,
cow,cattle grazing on the farm,descripcion,2,True,cup,True,True,cow,cow,18.833263397216797,18.833263397216797,27.34804344177246,8.671875,,,,,
cow,a bull or cow bovine,vivido,0,True,cow,True,True,cow,cow,19.5876407623291,19.5876407623291,,,,,,,
cow,a bull or cow bovine,vivido,1,True,cow,True,True,cow,cow,14.71002197265625,14.71002197265625,,,,,,,
cow,a bull or cow bovine,vivido,2,True,cow,True,True,cow,cow,16.173954010009766,16.173954010009766,22.778059005737305,7.28125,,,,,
cow,a bull or cow bovine,sustitucion,0,False,cup,,,,,,,,,,,,,
cow,a bull or cow bovine,sustitucion,1,False,cup,,,,,,,,,,,,,
cow,a bull or cow bovine,sustitucion,2,False,cup,,,,,,,,,,,,,
cow,a bull or cow bovine,descripcion,0,True,cup,True,True,cow,cow,19.845773696899414,19.845773696899414,,,,,,,
cow,a bull or cow bovine,descripcion,1,True,cup,True,True,cow,cow,25.357423782348633,25.357423782348633,,,,,,,
cow,a bull or cow bovine,descripcion,2,True,cup,True,True,cow,cow,23.350217819213867,23.350217819213867,31.833877563476562,8.671875,,,,,
cow,milk giving farm mammal,vivido,0,True,cow,True,True,cow,cow,24.248929977416992,24.248929977416992,,,,,,,
cow,milk giving farm mammal,vivido,1,True,cow,True,True,cow,cow,17.113569259643555,17.113569259643555,,,,,,,
cow,milk giving farm mammal,vivido,2,True,cow,True,True,cow,cow,27.37216567993164,27.37216567993164,35.77726364135742,8.1875,,,,,
cow,milk giving farm mammal,sustitucion,0,False,cup,,,,,,,,,,,,,
cow,milk giving farm mammal,sustitucion,1,False,cup,,,,,,,,,,,,,
cow,milk giving farm mammal,sustitucion,2,False,cup,,,,,,,,,,,,,
cow,milk giving farm mammal,descripcion,0,True,cup,True,True,cow,cow,23.835643768310547,23.835643768310547,,,,,,,
cow,milk giving farm mammal,descripcion,1,True,cup,True,True,cow,cow,24.752500534057617,24.752500534057617,,,,,,,
cow,milk giving farm mammal,descripcion,2,True,cup,True,True,cow,cow,25.922054290771484,25.922054290771484,33.12261199951172,8.671875,,,,,
cow,farm beast that produces milk,vivido,0,True,cow,True,True,cow,cow,14.891928672790527,14.891928672790527,,,,,,,
cow,farm beast that produces milk,vivido,1,True,cow,True,True,cow,cow,17.229578018188477,17.229578018188477,,,,,,,
cow,farm beast that produces milk,vivido,2,True,cow,True,True,cow,cow,16.171966552734375,16.171966552734375,22.598134994506836,7.6875,,,,,
cow,farm beast that produces milk,sustitucion,0,False,cup,,,,,,,,,,,,,
cow,farm beast that produces milk,sustitucion,1,False,cup,,,,,,,,,,,,,
cow,farm beast that produces milk,sustitucion,2,False,cup,,,,,,,,,,,,,
cow,farm beast that produces milk,descripcion,0,True,cup,True,True,cow,cow,24.211261749267578,24.211261749267578,,,,,,,
cow,farm beast that produces milk,descripcion,1,True,cup,True,True,cow,cow,22.17582893371582,22.17582893371582,,,,,,,
cow,farm beast that produces milk,descripcion,2,True,cup,True,True,cow,cow,17.58317756652832,17.58317756652832,30.00385093688965,8.671875,,,,,
cow,bovine animal on a farm,vivido,0,True,cow,True,True,cow,cow,17.0669002532959,17.0669002532959,,,,,,,
cow,bovine animal on a farm,vivido,1,True,cow,True,True,cow,cow,26.51029396057129,26.51029396057129,,,,,,,
cow,bovine animal on a farm,vivido,2,True,cow,True,True,cow,cow,15.827312469482422,15.827312469482422,28.982818603515625,7.875,,,,,
cow,bovine animal on a farm,sustitucion,0,True,horse,False,False,horse,horse,34.261505126953125,16.8114013671875,,,,,,,
cow,bovine animal on a farm,sustitucion,1,True,horse,False,False,horse,horse,37.31758117675781,27.80776023864746,,,,,,,
cow,bovine animal on a farm,sustitucion,2,True,horse,False,False,horse,horse,33.074363708496094,18.839759826660156,29.071044921875,8.140625,,,,,
cow,bovine animal on a farm,descripcion,0,True,cup,True,True,cow,cow,23.2232608795166,23.2232608795166,,,,,,,
cow,bovine animal on a farm,descripcion,1,True,cup,True,True,cow,cow,24.371301651000977,24.371301651000977,,,,,,,
cow,bovine animal on a farm,descripcion,2,True,cup,True,True,cow,cow,20.9984188079834,20.9984188079834,34.91688919067383,8.671875,,,,,
cow,large cattle farm mammal,vivido,0,True,cow,True,True,cow,cow,23.05306625366211,23.05306625366211,,,,,,,
cow,large cattle farm mammal,vivido,1,True,cow,True,True,cow,cow,17.52312469482422,17.52312469482422,,,,,,,
cow,large cattle farm mammal,vivido,2,True,cow,True,True,cow,cow,17.088037490844727,17.088037490844727,29.370847702026367,8.234375,,,,,
cow,large cattle farm mammal,sustitucion,0,False,cup,,,,,,,,,,,,,
cow,large cattle farm mammal,sustitucion,1,False,cup,,,,,,,,,,,,,
cow,large cattle farm mammal,sustitucion,2,False,cup,,,,,,,,,,,,,
cow,large cattle farm mammal,descripcion,0,True,cup,True,True,cow,cow,23.539676666259766,23.539676666259766,,,,,,,
cow,large cattle farm mammal,descripcion,1,True,cup,True,True,cow,cow,26.382047653198242,26.382047653198242,,,,,,,
cow,large cattle farm mammal,descripcion,2,True,cup,True,True,cow,cow,23.368274688720703,23.368274688720703,33.183624267578125,8.671875,,,,,
cow,an animal that says moo,vivido,0,True,cow,True,True,cow,cow,23.096765518188477,23.096765518188477,,,,,,,
cow,an animal that says moo,vivido,1,True,cow,True,True,cow,cow,22.099275588989258,22.099275588989258,,,,,,,
cow,an animal that says moo,vivido,2,True,cow,True,True,cow,cow,26.02669906616211,26.02669906616211,35.73220443725586,7.390625,,,,,
cow,an animal that says moo,sustitucion,0,True,horse,False,False,horse,horse,37.00322341918945,24.43104362487793,,,,,,,
cow,an animal that says moo,sustitucion,1,True,horse,False,False,horse,horse,38.23469161987305,18.797771453857422,,,,,,,
cow,an animal that says moo,sustitucion,2,True,horse,False,False,horse,horse,37.69114685058594,25.089168548583984,32.56224822998047,8.140625,,,,,
cow,an animal that says moo,descripcion,0,True,cup,True,True,cow,cow,25.176843643188477,25.176843643188477,,,,,,,
cow,an animal that says moo,descripcion,1,True,cup,True,True,cow,cow,22.620012283325195,22.620012283325195,,,,,,,
cow,an animal that says moo,descripcion,2,True,cup,True,True,cow,cow,19.175086975097656,19.175086975097656,32.9963264465332,8.671875,,,,,
cow,farm bovine with beef and milk,vivido,0,True,cow,True,True,cow,cow,15.5527925491333,15.5527925491333,,,,,,,
cow,farm bovine with beef and milk,vivido,1,True,cow,True,True,cow,cow,15.801430702209473,15.801430702209473,,,,,,,
cow,farm bovine with beef and milk,vivido,2,True,cow,True,True,cow,cow,14.287896156311035,14.287896156311035,21.795854568481445,7.6875,,,,,
cow,farm bovine with beef and milk,sustitucion,0,False,cup,,,,,,,,,,,,,
cow,farm bovine with beef and milk,sustitucion,1,False,cup,,,,,,,,,,,,,
cow,farm bovine with beef and milk,sustitucion,2,False,cup,,,,,,,,,,,,,
cow,farm bovine with beef and milk,descripcion,0,True,cup,True,True,cow,cow,18.180736541748047,18.180736541748047,,,,,,,
cow,farm bovine with beef and milk,descripcion,1,True,cup,True,True,cow,cow,22.091978073120117,22.091978073120117,,,,,,,
cow,farm bovine with beef and milk,descripcion,2,True,cup,True,True,cow,cow,24.058120727539062,24.058120727539062,30.500144958496094,8.671875,,,,,
cow,a grazing farm cattle beast,vivido,0,True,cow,True,True,cow,cow,15.277305603027344,15.277305603027344,,,,,,,
cow,a grazing farm cattle beast,vivido,1,True,cow,True,True,cow,cow,18.57118034362793,18.57118034362793,,,,,,,
cow,a grazing farm cattle beast,vivido,2,True,cow,True,True,cow,cow,18.84186553955078,18.84186553955078,27.45122718811035,7.6875,,,,,
cow,a grazing farm cattle beast,sustitucion,0,False,cup,,,,,,,,,,,,,
cow,a grazing farm cattle beast,sustitucion,1,False,cup,,,,,,,,,,,,,
cow,a grazing farm cattle beast,sustitucion,2,False,cup,,,,,,,,,,,,,
cow,a grazing farm cattle beast,descripcion,0,True,cup,True,True,cow,cow,20.44538688659668,20.44538688659668,,,,,,,
cow,a grazing farm cattle beast,descripcion,1,True,cup,True,True,cow,cow,17.84959602355957,17.84959602355957,,,,,,,
cow,a grazing farm cattle beast,descripcion,2,True,cup,True,True,cow,cow,20.861570358276367,20.861570358276367,28.3923282623291,8.671875,,,,,
cow,udder bearing farm mammal,vivido,0,True,cow,True,True,cow,cow,18.09714126586914,18.09714126586914,,,,,,,
cow,udder bearing farm mammal,vivido,1,True,cow,True,True,cow,cow,19.16554832458496,19.16554832458496,,,,,,,
cow,udder bearing farm mammal,vivido,2,True,cow,True,True,cow,cow,18.0791072845459,18.0791072845459,26.186981201171875,7.578125,,,,,
cow,udder bearing farm mammal,sustitucion,0,False,cup,,,,,,,,,,,,,
cow,udder bearing farm mammal,sustitucion,1,False,cup,,,,,,,,,,,,,
cow,udder bearing farm mammal,sustitucion,2,False,cup,,,,,,,,,,,,,
cow,udder bearing farm mammal,descripcion,0,True,cup,True,True,cow,cow,24.03168487548828,24.03168487548828,,,,,,,
cow,udder bearing farm mammal,descripcion,1,True,cup,True,True,cow,cow,22.096025466918945,22.096025466918945,,,,,,,
cow,udder bearing farm mammal,descripcion,2,True,cup,True,True,cow,cow,23.485227584838867,23.485227584838867,29.950796127319336,8.671875,,,,,
cow,cattle bull bovine beast,vivido,0,True,cow,True,True,cow,cow,23.343454360961914,23.343454360961914,,,,,,,
cow,cattle bull bovine beast,vivido,1,True,cow,True,True,cow,cow,16.97249984741211,16.97249984741211,,,,,,,
cow,cattle bull bovine beast,vivido,2,True,cow,True,True,cow,cow,23.832340240478516,23.832340240478516,29.817548751831055,8.234375,,,,,
cow,cattle bull bovine beast,sustitucion,0,False,cup,,,,,,,,,,,,,
cow,cattle bull bovine beast,sustitucion,1,False,cup,,,,,,,,,,,,,
cow,cattle bull bovine beast,sustitucion,2,False,cup,,,,,,,,,,,,,
cow,cattle bull bovine beast,descripcion,0,True,cup,True,True,cow,cow,24.581438064575195,24.581438064575195,,,,,,,
cow,cattle bull bovine beast,descripcion,1,True,cup,True,True,cow,cow,20.745227813720703,20.745227813720703,,,,,,,
cow,cattle bull bovine beast,descripcion,2,True,cup,True,True,cow,cow,19.89551544189453,19.89551544189453,30.447952270507812,8.671875,,,,,
cow,big domestic farm bovine,vivido,0,True,cow,True,True,cow,cow,18.380550384521484,18.380550384521484,,,,,,,
cow,big domestic farm bovine,vivido,1,True,cow,True,True,cow,cow,16.957489013671875,16.957489013671875,,,,,,,
cow,big domestic farm bovine,vivido,2,True,cow,True,True,cow,cow,18.086763381958008,18.086763381958008,26.470443725585938,7.6875,,,,,
cow,big domestic farm bovine,sustitucion,0,False,dog,,,,,,,,,,,,,
cow,big domestic farm bovine,sustitucion,1,False,dog,,,,,,,,,,,,,
cow,big domestic farm bovine,sustitucion,2,False,dog,,,,,,,,,,,,,
cow,big domestic farm bovine,descripcion,0,True,cup,True,True,cow,cow,20.497285842895508,20.497285842895508,,,,,,,
cow,big domestic farm bovine,descripcion,1,True,cup,True,True,cow,cow,21.053796768188477,21.053796768188477,,,,,,,
cow,big domestic farm bovine,descripcion,2,True,cup,True,True,cow,cow,20.70736312866211,20.70736312866211,31.73191261291504,8.671875,,,,,
cow,a dairy cow being milked,vivido,0,True,cow,True,True,cow,cow,26.49373435974121,26.49373435974121,,,,,,,
cow,a dairy cow being milked,vivido,1,True,cow,True,True,cow,cow,32.472286224365234,32.472286224365234,,,,,,,
cow,a dairy cow being milked,vivido,2,True,cow,True,True,cow,cow,30.074296951293945,30.074296951293945,44.91379928588867,8.546875,,,,,
cow,a dairy cow being milked,sustitucion,0,False,cup,,,,,,,,,,,,,
cow,a dairy cow being milked,sustitucion,1,False,cup,,,,,,,,,,,,,
cow,a dairy cow being milked,sustitucion,2,False,cup,,,,,,,,,,,,,
cow,a dairy cow being milked,descripcion,0,True,cup,True,True,cow,cow,19.798006057739258,19.798006057739258,,,,,,,
cow,a dairy cow being milked,descripcion,1,True,cup,True,True,cow,cow,26.35673713684082,26.35673713684082,,,,,,,
cow,a dairy cow being milked,descripcion,2,True,cup,True,True,cow,cow,20.32111358642578,20.32111358642578,30.968175888061523,8.671875,,,,,
cow,a cow mooing in the barn,vivido,0,True,cow,True,True,cow,cow,27.65236473083496,27.65236473083496,,,,,,,
cow,a cow mooing in the barn,vivido,1,True,cow,True,True,cow,cow,25.992708206176758,25.992708206176758,,,,,,,
cow,a cow mooing in the barn,vivido,2,True,cow,True,True,cow,cow,24.79555892944336,24.79555892944336,36.382171630859375,8.546875,,,,,
cow,a cow mooing in the barn,sustitucion,0,False,cup,,,,,,,,,,,,,
cow,a cow mooing in the barn,sustitucion,1,False,cup,,,,,,,,,,,,,
cow,a cow mooing in the barn,sustitucion,2,False,cup,,,,,,,,,,,,,
cow,a cow mooing in the barn,descripcion,0,True,cup,True,True,cow,cow,20.619266510009766,20.619266510009766,,,,,,,
cow,a cow mooing in the barn,descripcion,1,True,cup,True,True,cow,cow,21.578811645507812,21.578811645507812,,,,,,,
cow,a cow mooing in the barn,descripcion,2,True,cup,True,True,cow,cow,21.568378448486328,21.568378448486328,31.98253059387207,8.671875,,,,,
cow,a cow with large udders full of milk,vivido,0,True,cow,True,True,cow,cow,30.047626495361328,30.047626495361328,,,,,,,
cow,a cow with large udders full of milk,vivido,1,True,cow,True,True,cow,cow,25.08510971069336,25.08510971069336,,,,,,,
cow,a cow with large udders full of milk,vivido,2,True,cow,True,True,cow,cow,28.361343383789062,28.361343383789062,41.65163803100586,8.546875,,,,,
cow,a cow with large udders full of milk,sustitucion,0,False,cup,,,,,,,,,,,,,
cow,a cow with large udders full of milk,sustitucion,1,False,cup,,,,,,,,,,,,,
cow,a cow with large udders full of milk,sustitucion,2,False,cup,,,,,,,,,,,,,
cow,a cow with large udders full of milk,descripcion,0,True,cup,True,True,cow,cow,21.703182220458984,21.703182220458984,,,,,,,
cow,a cow with large udders full of milk,descripcion,1,True,cup,True,True,cow,cow,19.421092987060547,19.421092987060547,,,,,,,
cow,a cow with large udders full of milk,descripcion,2,True,cup,True,True,cow,cow,21.461301803588867,21.461301803588867,29.844369888305664,8.671875,,,,,
cow,a herd of cows on a dairy farm,vivido,0,True,cow,True,True,cow,cow,28.297611236572266,28.297611236572266,,,,,,,
cow,a herd of cows on a dairy farm,vivido,1,True,cow,True,True,cow,cow,30.159622192382812,30.159622192382812,,,,,,,
cow,a herd of cows on a dairy farm,vivido,2,True,cow,True,True,cow,cow,28.660078048706055,28.660078048706055,36.17142105102539,8.546875,,,,,
cow,a herd of cows on a dairy farm,sustitucion,0,False,cup,,,,,,,,,,,,,
cow,a herd of cows on a dairy farm,sustitucion,1,False,cup,,,,,,,,,,,,,
cow,a herd of cows on a dairy farm,sustitucion,2,False,cup,,,,,,,,,,,,,
cow,a herd of cows on a dairy farm,descripcion,0,True,cup,True,True,cow,cow,22.31509017944336,22.31509017944336,,,,,,,
cow,a herd of cows on a dairy farm,descripcion,1,True,cup,True,True,cow,cow,21.497676849365234,21.497676849365234,,,,,,,
cow,a herd of cows on a dairy farm,descripcion,2,True,cup,True,True,cow,cow,19.648149490356445,19.648149490356445,30.870681762695312,8.671875,,,,,
cow,a dairy cow producing fresh milk,vivido,0,True,cow,True,True,cow,cow,27.33698844909668,27.33698844909668,,,,,,,
cow,a dairy cow producing fresh milk,vivido,1,True,cow,True,True,cow,cow,25.183534622192383,25.183534622192383,,,,,,,
cow,a dairy cow producing fresh milk,vivido,2,True,cow,True,True,cow,cow,26.613801956176758,26.613801956176758,41.201480865478516,8.546875,,,,,
cow,a dairy cow producing fresh milk,sustitucion,0,False,cup,,,,,,,,,,,,,
cow,a dairy cow producing fresh milk,sustitucion,1,False,cup,,,,,,,,,,,,,
cow,a dairy cow producing fresh milk,sustitucion,2,False,cup,,,,,,,,,,,,,
cow,a dairy cow producing fresh milk,descripcion,0,True,cup,True,True,cow,cow,20.094715118408203,20.094715118408203,,,,,,,
cow,a dairy cow producing fresh milk,descripcion,1,True,cup,True,True,cow,cow,21.37999725341797,21.37999725341797,,,,,,,
cow,a dairy cow producing fresh milk,descripcion,2,True,cup,True,True,cow,cow,18.415428161621094,18.415428161621094,28.593515396118164,8.671875,,,,,
cow,a cow mooing at the farm gate,vivido,0,True,cow,True,True,cow,cow,25.112918853759766,25.112918853759766,,,,,,,
cow,a cow mooing at the farm gate,vivido,1,True,cow,True,True,cow,cow,28.05916976928711,28.05916976928711,,,,,,,
cow,a cow mooing at the farm gate,vivido,2,True,cow,True,True,cow,cow,30.509220123291016,30.509220123291016,40.33332443237305,8.546875,,,,,
cow,a cow mooing at the farm gate,sustitucion,0,False,cup,,,,,,,,,,,,,
cow,a cow mooing at the farm gate,sustitucion,1,False,cup,,,,,,,,,,,,,
cow,a cow mooing at the farm gate,sustitucion,2,False,cup,,,,,,,,,,,,,
cow,a cow mooing at the farm gate,descripcion,0,True,cup,True,True,cow,cow,20.858078002929688,20.858078002929688,,,,,,,
cow,a cow mooing at the farm gate,descripcion,1,True,cup,True,True,cow,cow,19.143030166625977,19.143030166625977,,,,,,,
cow,a cow mooing at the farm gate,descripcion,2,True,cup,True,True,cow,cow,20.004444122314453,20.004444122314453,28.536577224731445,8.671875,,,,,
cow,__ruteo__,ruteo,0,,,,,,,,,,,51,31,4,16,"{""vivido"": {""entre_consultas"": 31.073348999023438, ""dentro_consulta"": 30.198842017881333, ""F_dependencia"": 1.5927826605714404}, ""sustitucion"": {""entre_consultas"": 29.75579833984375, ""dentro_consulta"": 29.903147220611572, ""F_dependencia"": 1.4099510922182206}, ""descripcion"": {""entre_consultas"": 30.894123077392578, ""dentro_consulta"": 31.160437430104903, ""F_dependencia"": 1.4405798037424749}}"
cup,a container to drink from,vivido,0,True,cup,True,True,cup,cup,22.96214485168457,22.96214485168457,,,,,,,
cup,a container to drink from,vivido,1,True,cup,True,True,cup,cup,21.638996124267578,21.638996124267578,,,,,,,
cup,a container to drink from,vivido,2,True,cup,True,True,cup,cup,20.218505859375,20.218505859375,29.00856590270996,9.640625,,,,,
cup,a container to drink from,sustitucion,0,False,dog,,,,,,,,,,,,,
cup,a container to drink from,sustitucion,1,False,dog,,,,,,,,,,,,,
cup,a container to drink from,sustitucion,2,False,dog,,,,,,,,,,,,,
cup,a container to drink from,descripcion,0,True,dog,True,True,cup,cup,28.311460494995117,28.311460494995117,,,,,,,
cup,a container to drink from,descripcion,1,True,dog,True,True,cup,cup,26.684280395507812,26.684280395507812,,,,,,,
cup,a container to drink from,descripcion,2,True,dog,True,True,cup,cup,26.640602111816406,26.640602111816406,34.70024108886719,10.578125,,,,,
cup,a mug for liquid,vivido,0,True,cup,True,True,cup,cup,28.150144577026367,28.150144577026367,,,,,,,
cup,a mug for liquid,vivido,1,True,cup,True,True,cup,cup,27.72728729248047,27.72728729248047,,,,,,,
cup,a mug for liquid,vivido,2,True,cup,True,True,cup,cup,26.69681739807129,26.69681739807129,37.31804656982422,8.171875,,,,,
cup,a mug for liquid,sustitucion,0,False,dog,,,,,,,,,,,,,
cup,a mug for liquid,sustitucion,1,False,dog,,,,,,,,,,,,,
cup,a mug for liquid,sustitucion,2,False,dog,,,,,,,,,,,,,
cup,a mug for liquid,descripcion,0,True,dog,True,True,cup,cup,24.697956085205078,24.697956085205078,,,,,,,
cup,a mug for liquid,descripcion,1,True,dog,True,True,cup,cup,28.511436462402344,28.511436462402344,,,,,,,
cup,a mug for liquid,descripcion,2,True,dog,True,True,cup,cup,21.86919593811035,21.86919593811035,32.3891716003418,10.578125,,,,,
cup,small drinking container,vivido,0,True,cup,True,True,cup,cup,26.983428955078125,26.983428955078125,,,,,,,
cup,small drinking container,vivido,1,True,cup,True,True,cup,cup,24.106685638427734,24.106685638427734,,,,,,,
cup,small drinking container,vivido,2,True,cup,True,True,cup,cup,22.49250030517578,22.49250030517578,32.86044692993164,7.859375,,,,,
cup,small drinking container,sustitucion,0,False,dog,,,,,,,,,,,,,
cup,small drinking container,sustitucion,1,False,dog,,,,,,,,,,,,,
cup,small drinking container,sustitucion,2,False,dog,,,,,,,,,,,,,
cup,small drinking container,descripcion,0,True,dog,True,True,cup,cup,28.750682830810547,28.750682830810547,,,,,,,
cup,small drinking container,descripcion,1,True,dog,True,True,cup,cup,26.480457305908203,26.480457305908203,,,,,,,
cup,small drinking container,descripcion,2,True,dog,True,True,cup,cup,26.578964233398438,26.578964233398438,38.23134231567383,10.578125,,,,,
cup,a cup for holding drink,vivido,0,True,cup,True,True,cup,cup,33.14287185668945,33.14287185668945,,,,,,,
cup,a cup for holding drink,vivido,1,True,cup,True,True,cup,cup,22.08815574645996,22.08815574645996,,,,,,,
cup,a cup for holding drink,vivido,2,True,cup,True,True,cup,cup,23.494213104248047,23.494213104248047,36.815853118896484,9.921875,,,,,
cup,a cup for holding drink,sustitucion,0,False,dog,,,,,,,,,,,,,
cup,a cup for holding drink,sustitucion,1,False,dog,,,,,,,,,,,,,
cup,a cup for holding drink,sustitucion,2,False,dog,,,,,,,,,,,,,
cup,a cup for holding drink,descripcion,0,True,dog,True,True,cup,cup,24.91724395751953,24.91724395751953,,,,,,,
cup,a cup for holding drink,descripcion,1,True,dog,True,True,cup,cup,26.516122817993164,26.516122817993164,,,,,,,
cup,a cup for holding drink,descripcion,2,True,dog,True,True,cup,cup,31.532461166381836,31.532461166381836,39.88106155395508,10.578125,,,,,
cup,crockery to drink liquid from,vivido,0,True,cup,True,True,cup,cup,22.605234146118164,22.605234146118164,,,,,,,
cup,crockery to drink liquid from,vivido,1,True,cup,True,True,cup,cup,21.45571517944336,21.45571517944336,,,,,,,
cup,crockery to drink liquid from,vivido,2,True,cup,True,True,cup,cup,33.22410202026367,33.22410202026367,35.86042404174805,9.640625,,,,,
cup,crockery to drink liquid from,sustitucion,0,False,dog,,,,,,,,,,,,,
cup,crockery to drink liquid from,sustitucion,1,False,dog,,,,,,,,,,,,,
cup,crockery to drink liquid from,sustitucion,2,False,dog,,,,,,,,,,,,,
cup,crockery to drink liquid from,descripcion,0,True,dog,True,True,cup,cup,26.916706085205078,26.916706085205078,,,,,,,
cup,crockery to drink liquid from,descripcion,1,True,dog,True,True,cup,cup,23.26129913330078,23.26129913330078,,,,,,,
cup,crockery to drink liquid from,descripcion,2,True,dog,True,True,cup,cup,22.554594039916992,22.554594039916992,35.54792404174805,10.578125,,,,,
cup,a hollow container with a hole,vivido,0,True,cup,True,True,cup,cup,20.477802276611328,20.477802276611328,,,,,,,
cup,a hollow container with a hole,vivido,1,True,cup,True,True,cup,cup,18.319734573364258,18.319734573364258,,,,,,,
cup,a hollow container with a hole,vivido,2,True,cup,True,True,cup,cup,26.990802764892578,26.990802764892578,33.03274154663086,8.203125,,,,,
cup,a hollow container with a hole,sustitucion,0,False,dog,,,,,,,,,,,,,
cup,a hollow container with a hole,sustitucion,1,False,dog,,,,,,,,,,,,,
cup,a hollow container with a hole,sustitucion,2,False,dog,,,,,,,,,,,,,
cup,a hollow container with a hole,descripcion,0,True,dog,True,True,cup,cup,28.018896102905273,28.018896102905273,,,,,,,
cup,a hollow container with a hole,descripcion,1,True,dog,True,True,cup,cup,26.13591957092285,26.13591957092285,,,,,,,
cup,a hollow container with a hole,descripcion,2,True,dog,True,True,cup,cup,27.7251033782959,27.7251033782959,39.58450698852539,10.578125,,,,,
cup,a trophy shaped drinking container,vivido,0,True,cup,True,True,cup,cup,20.779096603393555,20.779096603393555,,,,,,,
cup,a trophy shaped drinking container,vivido,1,True,cup,True,True,cup,cup,19.73101806640625,19.73101806640625,,,,,,,
cup,a trophy shaped drinking container,vivido,2,True,cup,True,True,cup,cup,18.15263557434082,18.15263557434082,27.486610412597656,9.328125,,,,,
cup,a trophy shaped drinking container,sustitucion,0,False,dog,,,,,,,,,,,,,
cup,a trophy shaped drinking container,sustitucion,1,False,dog,,,,,,,,,,,,,
cup,a trophy shaped drinking container,sustitucion,2,False,dog,,,,,,,,,,,,,
cup,a trophy shaped drinking container,descripcion,0,True,dog,True,True,cup,cup,25.230426788330078,25.230426788330078,,,,,,,
cup,a trophy shaped drinking container,descripcion,1,True,dog,True,True,cup,cup,28.28553009033203,28.28553009033203,,,,,,,
cup,a trophy shaped drinking container,descripcion,2,True,dog,True,True,cup,cup,23.87430763244629,23.87430763244629,35.2370719909668,10.578125,,,,,
cup,punch cup for a drink,vivido,0,True,cup,True,True,cup,cup,21.049528121948242,21.049528121948242,,,,,,,
cup,punch cup for a drink,vivido,1,True,cup,True,True,cup,cup,34.22086715698242,34.22086715698242,,,,,,,
cup,punch cup for a drink,vivido,2,True,cup,True,True,cup,cup,25.859567642211914,25.859567642211914,38.07830810546875,9.921875,,,,,
cup,punch cup for a drink,sustitucion,0,False,dog,,,,,,,,,,,,,
cup,punch cup for a drink,sustitucion,1,False,dog,,,,,,,,,,,,,
cup,punch cup for a drink,sustitucion,2,False,dog,,,,,,,,,,,,,
cup,punch cup for a drink,descripcion,0,True,dog,True,True,cup,cup,29.27422523498535,29.27422523498535,,,,,,,
cup,punch cup for a drink,descripcion,1,True,dog,True,True,cup,cup,25.573522567749023,25.573522567749023,,,,,,,
cup,punch cup for a drink,descripcion,2,True,dog,True,True,cup,cup,25.065519332885742,25.065519332885742,38.23563766479492,10.578125,,,,,
cup,containerful of liquid to drink,vivido,0,True,cup,True,True,cup,cup,21.767656326293945,21.767656326293945,,,,,,,
cup,containerful of liquid to drink,vivido,1,True,cup,True,True,cup,cup,16.0120906829834,16.0120906829834,,,,,,,
cup,containerful of liquid to drink,vivido,2,True,cup,True,True,cup,cup,17.664993286132812,17.664993286132812,26.07612419128418,8.8125,,,,,
cup,containerful of liquid to drink,sustitucion,0,False,dog,,,,,,,,,,,,,
cup,containerful of liquid to drink,sustitucion,1,False,dog,,,,,,,,,,,,,
cup,containerful of liquid to drink,sustitucion,2,False,dog,,,,,,,,,,,,,
cup,containerful of liquid to drink,descripcion,0,True,dog,True,True,cup,cup,27.245880126953125,27.245880126953125,,,,,,,
cup,containerful of liquid to drink,descripcion,1,True,dog,True,True,cup,cup,26.69715690612793,26.69715690612793,,,,,,,
cup,containerful of liquid to drink,descripcion,2,True,dog,True,True,cup,cup,27.556093215942383,27.556093215942383,39.17966842651367,10.578125,,,,,
cup,a mug or cup crockery,vivido,0,True,cup,True,True,cup,cup,25.846607208251953,25.846607208251953,,,,,,,
cup,a mug or cup crockery,vivido,1,True,cup,True,True,cup,cup,23.821500778198242,23.821500778198242,,,,,,,
cup,a mug or cup crockery,vivido,2,True,cup,True,True,cup,cup,26.10982894897461,26.10982894897461,37.61223602294922,8.171875,,,,,
cup,a mug or cup crockery,sustitucion,0,False,dog,,,,,,,,,,,,,
cup,a mug or cup crockery,sustitucion,1,False,dog,,,,,,,,,,,,,
cup,a mug or cup crockery,sustitucion,2,False,dog,,,,,,,,,,,,,
cup,a mug or cup crockery,descripcion,0,True,dog,True,True,cup,cup,27.84649085998535,27.84649085998535,,,,,,,
cup,a mug or cup crockery,descripcion,1,True,dog,True,True,cup,cup,25.49700164794922,25.49700164794922,,,,,,,
cup,a mug or cup crockery,descripcion,2,True,dog,True,True,cup,cup,25.790626525878906,25.790626525878906,33.77936935424805,10.578125,,,,,
cup,small vessel for drinking liquid,vivido,0,True,cup,True,True,cup,cup,21.40455436706543,21.40455436706543,,,,,,,
cup,small vessel for drinking liquid,vivido,1,True,cup,True,True,cup,cup,21.09749984741211,21.09749984741211,,,,,,,
cup,small vessel for drinking liquid,vivido,2,True,cup,True,True,cup,cup,21.775062561035156,21.775062561035156,25.75299644470215,7.75,,,,,
cup,small vessel for drinking liquid,sustitucion,0,False,dog,,,,,,,,,,,,,
cup,small vessel for drinking liquid,sustitucion,1,False,dog,,,,,,,,,,,,,
cup,small vessel for drinking liquid,sustitucion,2,False,dog,,,,,,,,,,,,,
cup,small vessel for drinking liquid,descripcion,0,True,dog,True,True,cup,cup,25.52827262878418,25.52827262878418,,,,,,,
cup,small vessel for drinking liquid,descripcion,1,True,dog,True,True,cup,cup,27.05390739440918,27.05390739440918,,,,,,,
cup,small vessel for drinking liquid,descripcion,2,True,dog,True,True,cup,cup,27.49211883544922,27.49211883544922,38.12436294555664,10.578125,,,,,
cup,a drink holding container,vivido,0,True,cup,True,True,cup,cup,24.70575714111328,24.70575714111328,,,,,,,
cup,a drink holding container,vivido,1,True,cup,True,True,cup,cup,31.704755783081055,31.704755783081055,,,,,,,
cup,a drink holding container,vivido,2,True,cup,True,True,cup,cup,29.586711883544922,29.586711883544922,38.96345138549805,9.640625,,,,,
cup,a drink holding container,sustitucion,0,False,dog,,,,,,,,,,,,,
cup,a drink holding container,sustitucion,1,False,dog,,,,,,,,,,,,,
cup,a drink holding container,sustitucion,2,False,dog,,,,,,,,,,,,,
cup,a drink holding container,descripcion,0,True,dog,True,True,cup,cup,26.040176391601562,26.040176391601562,,,,,,,
cup,a drink holding container,descripcion,1,True,dog,True,True,cup,cup,27.91729736328125,27.91729736328125,,,,,,,
cup,a drink holding container,descripcion,2,True,dog,True,True,cup,cup,25.478588104248047,25.478588104248047,37.10417175292969,10.578125,,,,,
cup,hollow crockery for drink,vivido,0,True,cup,True,True,cup,cup,20.143850326538086,20.143850326538086,,,,,,,
cup,hollow crockery for drink,vivido,1,True,cup,True,True,cup,cup,21.15420913696289,21.15420913696289,,,,,,,
cup,hollow crockery for drink,vivido,2,True,cup,True,True,cup,cup,20.711381912231445,20.711381912231445,26.253870010375977,9.640625,,,,,
cup,hollow crockery for drink,sustitucion,0,False,dog,,,,,,,,,,,,,
cup,hollow crockery for drink,sustitucion,1,False,dog,,,,,,,,,,,,,
cup,hollow crockery for drink,sustitucion,2,False,dog,,,,,,,,,,,,,
cup,hollow crockery for drink,descripcion,0,True,dog,True,True,cup,cup,27.80348777770996,27.80348777770996,,,,,,,
cup,hollow crockery for drink,descripcion,1,True,dog,True,True,cup,cup,24.160560607910156,24.160560607910156,,,,,,,
cup,hollow crockery for drink,descripcion,2,True,dog,True,True,cup,cup,26.672651290893555,26.672651290893555,37.2968864440918,10.578125,,,,,
cup,a coffee mug container,vivido,0,True,cup,True,True,cup,cup,25.115367889404297,25.115367889404297,,,,,,,
cup,a coffee mug container,vivido,1,True,cup,True,True,cup,cup,28.63058090209961,28.63058090209961,,,,,,,
cup,a coffee mug container,vivido,2,True,cup,True,True,cup,cup,24.240530014038086,24.240530014038086,36.87519454956055,8.171875,,,,,
cup,a coffee mug container,sustitucion,0,False,dog,,,,,,,,,,,,,
cup,a coffee mug container,sustitucion,1,False,dog,,,,,,,,,,,,,
cup,a coffee mug container,sustitucion,2,False,dog,,,,,,,,,,,,,
cup,a coffee mug container,descripcion,0,True,dog,True,True,cup,cup,27.222780227661133,27.222780227661133,,,,,,,
cup,a coffee mug container,descripcion,1,True,dog,True,True,cup,cup,27.792369842529297,27.792369842529297,,,,,,,
cup,a coffee mug container,descripcion,2,True,dog,True,True,cup,cup,25.541805267333984,25.541805267333984,37.40607833862305,10.578125,,,,,
cup,small container for a drink,vivido,0,True,cup,True,True,cup,cup,25.862098693847656,25.862098693847656,,,,,,,
cup,small container for a drink,vivido,1,True,cup,True,True,cup,cup,22.488521575927734,22.488521575927734,,,,,,,
cup,small container for a drink,vivido,2,True,cup,True,True,cup,cup,25.75110626220703,25.75110626220703,31.736425399780273,9.640625,,,,,
cup,small container for a drink,sustitucion,0,False,dog,,,,,,,,,,,,,
cup,small container for a drink,sustitucion,1,False,dog,,,,,,,,,,,,,
cup,small container for a drink,sustitucion,2,False,dog,,,,,,,,,,,,,
cup,small container for a drink,descripcion,0,True,dog,True,True,cup,cup,26.50945281982422,26.50945281982422,,,,,,,
cup,small container for a drink,descripcion,1,True,dog,True,True,cup,cup,24.530818939208984,24.530818939208984,,,,,,,
cup,small container for a drink,descripcion,2,True,dog,True,True,cup,cup,26.45268440246582,26.45268440246582,36.089778900146484,10.578125,,,,,
cup,a drinking vessel with a handle,vivido,0,True,cup,True,True,cup,cup,23.293720245361328,23.293720245361328,,,,,,,
cup,a drinking vessel with a handle,vivido,1,True,cup,True,True,cup,cup,20.47083282470703,20.47083282470703,,,,,,,
cup,a drinking vessel with a handle,vivido,2,True,cup,True,True,cup,cup,24.218616485595703,24.218616485595703,34.73630142211914,7.859375,,,,,
cup,a drinking vessel with a handle,sustitucion,0,False,dog,,,,,,,,,,,,,
cup,a drinking vessel with a handle,sustitucion,1,False,dog,,,,,,,,,,,,,
cup,a drinking vessel with a handle,sustitucion,2,False,dog,,,,,,,,,,,,,
cup,a drinking vessel with a handle,descripcion,0,True,dog,True,True,cup,cup,30.83705711364746,30.83705711364746,,,,,,,
cup,a drinking vessel with a handle,descripcion,1,True,dog,True,True,cup,cup,25.741857528686523,25.741857528686523,,,,,,,
cup,a drinking vessel with a handle,descripcion,2,True,dog,True,True,cup,cup,29.065780639648438,29.065780639648438,36.23506164550781,10.578125,,,,,
cup,cup used to drink liquid,vivido,0,True,cup,True,True,cup,cup,35.86952590942383,35.86952590942383,,,,,,,
cup,cup used to drink liquid,vivido,1,True,cup,True,True,cup,cup,23.301591873168945,23.301591873168945,,,,,,,
cup,cup used to drink liquid,vivido,2,True,cup,True,True,cup,cup,19.788450241088867,19.788450241088867,38.70487976074219,9.921875,,,,,
cup,cup used to drink liquid,sustitucion,0,False,dog,,,,,,,,,,,,,
cup,cup used to drink liquid,sustitucion,1,False,dog,,,,,,,,,,,,,
cup,cup used to drink liquid,sustitucion,2,False,dog,,,,,,,,,,,,,
cup,cup used to drink liquid,descripcion,0,True,dog,True,True,cup,cup,25.413177490234375,25.413177490234375,,,,,,,
cup,cup used to drink liquid,descripcion,1,True,dog,True,True,cup,cup,28.520977020263672,28.520977020263672,,,,,,,
cup,cup used to drink liquid,descripcion,2,True,dog,True,True,cup,cup,24.05477523803711,24.05477523803711,37.202484130859375,10.578125,,,,,
cup,a tea cup container,vivido,0,True,cup,True,True,cup,cup,23.274137496948242,23.274137496948242,,,,,,,
cup,a tea cup container,vivido,1,True,cup,True,True,cup,cup,32.60497283935547,32.60497283935547,,,,,,,
cup,a tea cup container,vivido,2,True,cup,True,True,cup,cup,34.00431823730469,34.00431823730469,42.6777458190918,9.921875,,,,,
cup,a tea cup container,sustitucion,0,False,dog,,,,,,,,,,,,,
cup,a tea cup container,sustitucion,1,False,dog,,,,,,,,,,,,,
cup,a tea cup container,sustitucion,2,False,dog,,,,,,,,,,,,,
cup,a tea cup container,descripcion,0,True,dog,True,True,cup,cup,26.436548233032227,26.436548233032227,,,,,,,
cup,a tea cup container,descripcion,1,True,dog,True,True,cup,cup,24.537063598632812,24.537063598632812,,,,,,,
cup,a tea cup container,descripcion,2,True,dog,True,True,cup,cup,28.769620895385742,28.769620895385742,39.31785202026367,10.578125,,,,,
cup,hollow vessel to drink from,vivido,0,True,cup,True,True,cup,cup,21.027360916137695,21.027360916137695,,,,,,,
cup,hollow vessel to drink from,vivido,1,True,cup,True,True,cup,cup,22.2864990234375,22.2864990234375,,,,,,,
cup,hollow vessel to drink from,vivido,2,True,cup,True,True,cup,cup,24.228544235229492,24.228544235229492,32.0627326965332,7.75,,,,,
cup,hollow vessel to drink from,sustitucion,0,False,dog,,,,,,,,,,,,,
cup,hollow vessel to drink from,sustitucion,1,False,dog,,,,,,,,,,,,,
cup,hollow vessel to drink from,sustitucion,2,False,dog,,,,,,,,,,,,,
cup,hollow vessel to drink from,descripcion,0,True,dog,True,True,cup,cup,27.011932373046875,27.011932373046875,,,,,,,
cup,hollow vessel to drink from,descripcion,1,True,dog,True,True,cup,cup,24.455841064453125,24.455841064453125,,,,,,,
cup,hollow vessel to drink from,descripcion,2,True,dog,True,True,cup,cup,27.529827117919922,27.529827117919922,39.32212448120117,10.578125,,,,,
cup,a mug of liquid drink,vivido,0,True,cup,True,True,cup,cup,27.872438430786133,27.872438430786133,,,,,,,
cup,a mug of liquid drink,vivido,1,True,cup,True,True,cup,cup,25.623132705688477,25.623132705688477,,,,,,,
cup,a mug of liquid drink,vivido,2,True,cup,True,True,cup,cup,26.842201232910156,26.842201232910156,38.012088775634766,8.171875,,,,,
cup,a mug of liquid drink,sustitucion,0,False,dog,,,,,,,,,,,,,
cup,a mug of liquid drink,sustitucion,1,False,dog,,,,,,,,,,,,,
cup,a mug of liquid drink,sustitucion,2,False,dog,,,,,,,,,,,,,
cup,a mug of liquid drink,descripcion,0,True,dog,True,True,cup,cup,25.254186630249023,25.254186630249023,,,,,,,
cup,a mug of liquid drink,descripcion,1,True,dog,True,True,cup,cup,26.485307693481445,26.485307693481445,,,,,,,
cup,a mug of liquid drink,descripcion,2,True,dog,True,True,cup,cup,26.157859802246094,26.157859802246094,38.4477653503418,10.578125,,,,,
cup,small round drinking cup,vivido,0,True,cup,True,True,cup,cup,24.398635864257812,24.398635864257812,,,,,,,
cup,small round drinking cup,vivido,1,True,cup,True,True,cup,cup,23.515409469604492,23.515409469604492,,,,,,,
cup,small round drinking cup,vivido,2,True,cup,True,True,cup,cup,23.34306526184082,23.34306526184082,33.75624084472656,7.859375,,,,,
cup,small round drinking cup,sustitucion,0,False,dog,,,,,,,,,,,,,
cup,small round drinking cup,sustitucion,1,False,dog,,,,,,,,,,,,,
cup,small round drinking cup,sustitucion,2,False,dog,,,,,,,,,,,,,
cup,small round drinking cup,descripcion,0,True,dog,True,True,cup,cup,26.771808624267578,26.771808624267578,,,,,,,
cup,small round drinking cup,descripcion,1,True,dog,True,True,cup,cup,24.359325408935547,24.359325408935547,,,,,,,
cup,small round drinking cup,descripcion,2,True,dog,True,True,cup,cup,28.805660247802734,28.805660247802734,31.86266326904297,10.578125,,,,,
cup,container to hold liquid drink,vivido,0,True,cup,True,True,cup,cup,27.328655242919922,27.328655242919922,,,,,,,
cup,container to hold liquid drink,vivido,1,True,cup,True,True,cup,cup,22.900691986083984,22.900691986083984,,,,,,,
cup,container to hold liquid drink,vivido,2,True,cup,True,True,cup,cup,18.40434455871582,18.40434455871582,33.92106628417969,8.8125,,,,,
cup,container to hold liquid drink,sustitucion,0,False,dog,,,,,,,,,,,,,
cup,container to hold liquid drink,sustitucion,1,False,dog,,,,,,,,,,,,,
cup,container to hold liquid drink,sustitucion,2,False,dog,,,,,,,,,,,,,
cup,container to hold liquid drink,descripcion,0,True,dog,True,True,cup,cup,26.465246200561523,26.465246200561523,,,,,,,
cup,container to hold liquid drink,descripcion,1,True,dog,True,True,cup,cup,28.008241653442383,28.008241653442383,,,,,,,
cup,container to hold liquid drink,descripcion,2,True,dog,True,True,cup,cup,24.679903030395508,24.679903030395508,34.6485710144043,10.578125,,,,,
cup,a ceramic mug on a table,vivido,0,True,cup,True,True,cup,cup,28.215471267700195,28.215471267700195,,,,,,,
cup,a ceramic mug on a table,vivido,1,True,cup,True,True,cup,cup,24.45815086364746,24.45815086364746,,,,,,,
cup,a ceramic mug on a table,vivido,2,True,cup,True,True,cup,cup,27.49951171875,27.49951171875,35.70161819458008,8.171875,,,,,
cup,a ceramic mug on a table,sustitucion,0,False,dog,,,,,,,,,,,,,
cup,a ceramic mug on a table,sustitucion,1,False,dog,,,,,,,,,,,,,
cup,a ceramic mug on a table,sustitucion,2,False,dog,,,,,,,,,,,,,
cup,a ceramic mug on a table,descripcion,0,True,dog,True,True,cup,cup,22.91804313659668,22.91804313659668,,,,,,,
cup,a ceramic mug on a table,descripcion,1,True,dog,True,True,cup,cup,27.178361892700195,27.178361892700195,,,,,,,
cup,a ceramic mug on a table,descripcion,2,True,dog,True,True,cup,cup,25.269853591918945,25.269853591918945,30.719078063964844,10.578125,,,,,
cup,a cup filled with hot coffee,vivido,0,True,cup,True,True,cup,cup,20.58780860900879,20.58780860900879,,,,,,,
cup,a cup filled with hot coffee,vivido,1,True,cup,True,True,cup,cup,34.73774337768555,34.73774337768555,,,,,,,
cup,a cup filled with hot coffee,vivido,2,True,cup,True,True,cup,cup,31.884830474853516,31.884830474853516,41.73945999145508,9.921875,,,,,
cup,a cup filled with hot coffee,sustitucion,0,False,dog,,,,,,,,,,,,,
cup,a cup filled with hot coffee,sustitucion,1,False,dog,,,,,,,,,,,,,
cup,a cup filled with hot coffee,sustitucion,2,False,dog,,,,,,,,,,,,,
cup,a cup filled with hot coffee,descripcion,0,True,dog,True,True,cup,cup,25.672399520874023,25.672399520874023,,,,,,,
cup,a cup filled with hot coffee,descripcion,1,True,dog,True,True,cup,cup,27.18815040588379,27.18815040588379,,,,,,,
cup,a cup filled with hot coffee,descripcion,2,True,dog,True,True,cup,cup,25.831480026245117,25.831480026245117,33.70123291015625,10.578125,,,,,
cup,a mug with a handle for drinking,vivido,0,True,cup,True,True,cup,cup,27.676027297973633,27.676027297973633,,,,,,,
cup,a mug with a handle for drinking,vivido,1,True,cup,True,True,cup,cup,25.860063552856445,25.860063552856445,,,,,,,
cup,a mug with a handle for drinking,vivido,2,True,cup,True,True,cup,cup,22.309804916381836,22.309804916381836,33.194480895996094,8.171875,,,,,
cup,a mug with a handle for drinking,sustitucion,0,False,dog,,,,,,,,,,,,,
cup,a mug with a handle for drinking,sustitucion,1,False,dog,,,,,,,,,,,,,
cup,a mug with a handle for drinking,sustitucion,2,False,dog,,,,,,,,,,,,,
cup,a mug with a handle for drinking,descripcion,0,True,dog,True,True,cup,cup,28.779312133789062,28.779312133789062,,,,,,,
cup,a mug with a handle for drinking,descripcion,1,True,dog,True,True,cup,cup,29.51735496520996,29.51735496520996,,,,,,,
cup,a mug with a handle for drinking,descripcion,2,True,dog,True,True,cup,cup,26.66323471069336,26.66323471069336,37.98408508300781,10.578125,,,,,
cup,a mug of steaming coffee,vivido,0,True,cup,True,True,cup,cup,26.539703369140625,26.539703369140625,,,,,,,
cup,a mug of steaming coffee,vivido,1,True,cup,True,True,cup,cup,25.126619338989258,25.126619338989258,,,,,,,
cup,a mug of steaming coffee,vivido,2,True,cup,True,True,cup,cup,26.037538528442383,26.037538528442383,38.80143356323242,8.171875,,,,,
cup,a mug of steaming coffee,sustitucion,0,False,dog,,,,,,,,,,,,,
cup,a mug of steaming coffee,sustitucion,1,False,dog,,,,,,,,,,,,,
cup,a mug of steaming coffee,sustitucion,2,False,dog,,,,,,,,,,,,,
cup,a mug of steaming coffee,descripcion,0,True,dog,True,True,cup,cup,27.80489730834961,27.80489730834961,,,,,,,
cup,a mug of steaming coffee,descripcion,1,True,dog,True,True,cup,cup,21.59356689453125,21.59356689453125,,,,,,,
cup,a mug of steaming coffee,descripcion,2,True,dog,True,True,cup,cup,26.06978988647461,26.06978988647461,33.14299011230469,10.578125,,,,,
cup,a mug used to hold water,vivido,0,True,cup,True,True,cup,cup,28.08519172668457,28.08519172668457,,,,,,,
cup,a mug used to hold water,vivido,1,True,cup,True,True,cup,cup,24.940654754638672,24.940654754638672,,,,,,,
cup,a mug used to hold water,vivido,2,True,cup,True,True,cup,cup,24.66712188720703,24.66712188720703,36.239715576171875,8.171875,,,,,
cup,a mug used to hold water,sustitucion,0,False,dog,,,,,,,,,,,,,
cup,a mug used to hold water,sustitucion,1,False,dog,,,,,,,,,,,,,
cup,a mug used to hold water,sustitucion,2,False,dog,,,,,,,,,,,,,
cup,a mug used to hold water,descripcion,0,True,dog,True,True,cup,cup,24.385923385620117,24.385923385620117,,,,,,,
cup,a mug used to hold water,descripcion,1,True,dog,True,True,cup,cup,25.7696533203125,25.7696533203125,,,,,,,
cup,a mug used to hold water,descripcion,2,True,dog,True,True,cup,cup,23.97433853149414,23.97433853149414,34.46489334106445,10.578125,,,,,
cup,a stack of mugs on a counter,vivido,0,True,cup,True,True,cup,cup,25.523923873901367,25.523923873901367,,,,,,,
cup,a stack of mugs on a counter,vivido,1,True,cup,True,True,cup,cup,28.18459701538086,28.18459701538086,,,,,,,
cup,a stack of mugs on a counter,vivido,2,True,cup,True,True,cup,cup,26.23373794555664,26.23373794555664,39.119354248046875,8.171875,,,,,
cup,a stack of mugs on a counter,sustitucion,0,False,dog,,,,,,,,,,,,,
cup,a stack of mugs on a counter,sustitucion,1,False,dog,,,,,,,,,,,,,
cup,a stack of mugs on a counter,sustitucion,2,False,dog,,,,,,,,,,,,,
cup,a stack of mugs on a counter,descripcion,0,True,dog,True,True,cup,cup,26.41613006591797,26.41613006591797,,,,,,,
cup,a stack of mugs on a counter,descripcion,1,True,dog,True,True,cup,cup,23.491748809814453,23.491748809814453,,,,,,,
cup,a stack of mugs on a counter,descripcion,2,True,dog,True,True,cup,cup,27.63033103942871,27.63033103942871,37.05147171020508,10.578125,,,,,
cup,a mug of cold water,vivido,0,True,cup,True,True,cup,cup,27.557649612426758,27.557649612426758,,,,,,,
cup,a mug of cold water,vivido,1,True,cup,True,True,cup,cup,26.61176109313965,26.61176109313965,,,,,,,
cup,a mug of cold water,vivido,2,True,cup,True,True,cup,cup,26.083820343017578,26.083820343017578,37.84025192260742,8.171875,,,,,
cup,a mug of cold water,sustitucion,0,False,dog,,,,,,,,,,,,,
cup,a mug of cold water,sustitucion,1,False,dog,,,,,,,,,,,,,
cup,a mug of cold water,sustitucion,2,False,dog,,,,,,,,,,,,,
cup,a mug of cold water,descripcion,0,True,dog,True,True,cup,cup,25.96868324279785,25.96868324279785,,,,,,,
cup,a mug of cold water,descripcion,1,True,dog,True,True,cup,cup,24.055368423461914,24.055368423461914,,,,,,,
cup,a mug of cold water,descripcion,2,True,dog,True,True,cup,cup,25.680784225463867,25.680784225463867,34.33821487426758,10.578125,,,,,
cup,a cup used as a vessel for drink,vivido,0,True,cup,True,True,cup,cup,21.249841690063477,21.249841690063477,,,,,,,
cup,a cup used as a vessel for drink,vivido,1,True,cup,True,True,cup,cup,31.74631690979004,31.74631690979004,,,,,,,
cup,a cup used as a vessel for drink,vivido,2,True,cup,True,True,cup,cup,34.037845611572266,34.037845611572266,42.21445083618164,9.921875,,,,,
cup,a cup used as a vessel for drink,sustitucion,0,False,dog,,,,,,,,,,,,,
cup,a cup used as a vessel for drink,sustitucion,1,False,dog,,,,,,,,,,,,,
cup,a cup used as a vessel for drink,sustitucion,2,False,dog,,,,,,,,,,,,,
cup,a cup used as a vessel for drink,descripcion,0,True,dog,True,True,cup,cup,21.712268829345703,21.712268829345703,,,,,,,
cup,a cup used as a vessel for drink,descripcion,1,True,dog,True,True,cup,cup,26.627599716186523,26.627599716186523,,,,,,,
cup,a cup used as a vessel for drink,descripcion,2,True,dog,True,True,cup,cup,24.150218963623047,24.150218963623047,32.41590118408203,10.578125,,,,,
cup,a coffee cup with steam rising,vivido,0,True,cup,True,True,cup,cup,32.23349380493164,32.23349380493164,,,,,,,
cup,a coffee cup with steam rising,vivido,1,True,cup,True,True,cup,cup,22.600341796875,22.600341796875,,,,,,,
cup,a coffee cup with steam rising,vivido,2,True,cup,True,True,cup,cup,19.716264724731445,19.716264724731445,37.658729553222656,9.921875,,,,,
cup,a coffee cup with steam rising,sustitucion,0,False,dog,,,,,,,,,,,,,
cup,a coffee cup with steam rising,sustitucion,1,False,dog,,,,,,,,,,,,,
cup,a coffee cup with steam rising,sustitucion,2,False,dog,,,,,,,,,,,,,
cup,a coffee cup with steam rising,descripcion,0,True,dog,True,True,cup,cup,30.90612030029297,30.90612030029297,,,,,,,
cup,a coffee cup with steam rising,descripcion,1,True,dog,True,True,cup,cup,29.288766860961914,29.288766860961914,,,,,,,
cup,a coffee cup with steam rising,descripcion,2,True,dog,True,True,cup,cup,25.88277816772461,25.88277816772461,42.29494094848633,10.578125,,,,,
cup,a small cup for espresso,vivido,0,True,cup,True,True,cup,cup,21.227691650390625,21.227691650390625,,,,,,,
cup,a small cup for espresso,vivido,1,True,cup,True,True,cup,cup,22.322933197021484,22.322933197021484,,,,,,,
cup,a small cup for espresso,vivido,2,True,cup,True,True,cup,cup,26.82394790649414,26.82394790649414,30.875925064086914,9.921875,,,,,
cup,a small cup for espresso,sustitucion,0,False,dog,,,,,,,,,,,,,
cup,a small cup for espresso,sustitucion,1,False,dog,,,,,,,,,,,,,
cup,a small cup for espresso,sustitucion,2,False,dog,,,,,,,,,,,,,
cup,a small cup for espresso,descripcion,0,True,dog,True,True,cup,cup,26.404470443725586,26.404470443725586,,,,,,,
cup,a small cup for espresso,descripcion,1,True,dog,True,True,cup,cup,25.749412536621094,25.749412536621094,,,,,,,
cup,a small cup for espresso,descripcion,2,True,dog,True,True,cup,cup,25.467817306518555,25.467817306518555,34.54835891723633,10.578125,,,,,
cup,a mug hanging on a hook,vivido,0,True,cup,True,True,cup,cup,27.263092041015625,27.263092041015625,,,,,,,
cup,a mug hanging on a hook,vivido,1,True,cup,True,True,cup,cup,27.54021453857422,27.54021453857422,,,,,,,
cup,a mug hanging on a hook,vivido,2,True,cup,True,True,cup,cup,25.583343505859375,25.583343505859375,39.47341537475586,8.171875,,,,,
cup,a mug hanging on a hook,sustitucion,0,False,dog,,,,,,,,,,,,,
cup,a mug hanging on a hook,sustitucion,1,False,dog,,,,,,,,,,,,,
cup,a mug hanging on a hook,sustitucion,2,False,dog,,,,,,,,,,,,,
cup,a mug hanging on a hook,descripcion,0,True,dog,True,True,cup,cup,28.284730911254883,28.284730911254883,,,,,,,
cup,a mug hanging on a hook,descripcion,1,True,dog,True,True,cup,cup,24.202999114990234,24.202999114990234,,,,,,,
cup,a mug hanging on a hook,descripcion,2,True,dog,True,True,cup,cup,27.712574005126953,27.712574005126953,37.75015640258789,10.578125,,,,,
cup,a cup holding a hot drink,vivido,0,True,cup,True,True,cup,cup,32.927833557128906,32.927833557128906,,,,,,,
cup,a cup holding a hot drink,vivido,1,True,cup,True,True,cup,cup,23.744409561157227,23.744409561157227,,,,,,,
cup,a cup holding a hot drink,vivido,2,True,cup,True,True,cup,cup,20.865474700927734,20.865474700927734,38.470176696777344,9.921875,,,,,
cup,a cup holding a hot drink,sustitucion,0,False,dog,,,,,,,,,,,,,
cup,a cup holding a hot drink,sustitucion,1,False,dog,,,,,,,,,,,,,
cup,a cup holding a hot drink,sustitucion,2,False,dog,,,,,,,,,,,,,
cup,a cup holding a hot drink,descripcion,0,True,dog,True,True,cup,cup,24.245046615600586,24.245046615600586,,,,,,,
cup,a cup holding a hot drink,descripcion,1,True,dog,True,True,cup,cup,26.87862777709961,26.87862777709961,,,,,,,
cup,a cup holding a hot drink,descripcion,2,True,dog,True,True,cup,cup,30.528766632080078,30.528766632080078,37.1601448059082,10.578125,,,,,
cup,a mug filled to the brim,vivido,0,True,cup,True,True,cup,cup,26.612146377563477,26.612146377563477,,,,,,,
cup,a mug filled to the brim,vivido,1,True,cup,True,True,cup,cup,27.338470458984375,27.338470458984375,,,,,,,
cup,a mug filled to the brim,vivido,2,True,cup,True,True,cup,cup,28.3745174407959,28.3745174407959,38.787662506103516,8.171875,,,,,
cup,a mug filled to the brim,sustitucion,0,False,dog,,,,,,,,,,,,,
cup,a mug filled to the brim,sustitucion,1,False,dog,,,,,,,,,,,,,
cup,a mug filled to the brim,sustitucion,2,False,dog,,,,,,,,,,,,,
cup,a mug filled to the brim,descripcion,0,True,dog,True,True,cup,cup,22.10559844970703,22.10559844970703,,,,,,,
cup,a mug filled to the brim,descripcion,1,True,dog,True,True,cup,cup,27.098026275634766,27.098026275634766,,,,,,,
cup,a mug filled to the brim,descripcion,2,True,dog,True,True,cup,cup,26.3985595703125,26.3985595703125,36.9362907409668,10.578125,,,,,
cup,__ruteo__,ruteo,0,,,,,,,,,,,51,35,0,16,"{""vivido"": {""entre_consultas"": 36.35567092895508, ""dentro_consulta"": 35.36340070452009, ""F_dependencia"": 1.634688305193631}, ""sustitucion"": {""entre_consultas"": NaN, ""dentro_consulta"": NaN, ""F_dependencia"": NaN}, ""descripcion"": {""entre_consultas"": 36.31462097167969, ""dentro_consulta"": 36.35233012608119, ""F_dependencia"": 1.3902016240302062}}"
dog,a barking domestic pet,vivido,0,True,dog,True,True,dog,dog,28.894895553588867,28.894895553588867,,,,,,,
dog,a barking domestic pet,vivido,1,True,dog,True,True,dog,dog,29.675573348999023,29.675573348999023,,,,,,,
dog,a barking domestic pet,vivido,2,True,dog,True,True,dog,dog,28.054271697998047,28.054271697998047,41.39657211303711,9.0625,,,,,
dog,a barking domestic pet,sustitucion,0,False,horse,,,,,,,,,,,,,
dog,a barking domestic pet,sustitucion,1,False,horse,,,,,,,,,,,,,
dog,a barking domestic pet,sustitucion,2,False,horse,,,,,,,,,,,,,
dog,a barking domestic pet,descripcion,0,True,horse,True,True,dog,dog,24.312362670898438,24.312362670898438,,,,,,,
dog,a barking domestic pet,descripcion,1,True,horse,True,True,dog,dog,30.22568130493164,30.22568130493164,,,,,,,
dog,a barking domestic pet,descripcion,2,True,horse,True,True,dog,dog,24.963747024536133,24.963747024536133,36.44863510131836,9.8125,,,,,
dog,canine mammal with a tail,vivido,0,True,dog,True,True,dog,dog,22.671308517456055,22.671308517456055,,,,,,,
dog,canine mammal with a tail,vivido,1,True,dog,True,True,dog,dog,27.092273712158203,27.092273712158203,,,,,,,
dog,canine mammal with a tail,vivido,2,True,dog,True,True,dog,dog,22.377878189086914,22.377878189086914,34.0034294128418,9.453125,,,,,
dog,canine mammal with a tail,sustitucion,0,False,horse,,,,,,,,,,,,,
dog,canine mammal with a tail,sustitucion,1,False,horse,,,,,,,,,,,,,
dog,canine mammal with a tail,sustitucion,2,False,horse,,,,,,,,,,,,,
dog,canine mammal with a tail,descripcion,0,True,horse,True,True,dog,dog,23.857593536376953,23.857593536376953,,,,,,,
dog,canine mammal with a tail,descripcion,1,True,horse,True,True,dog,dog,25.827556610107422,25.827556610107422,,,,,,,
dog,canine mammal with a tail,descripcion,2,True,horse,True,True,dog,dog,24.00625228881836,24.00625228881836,33.71976852416992,9.8125,,,,,
dog,a dog that barks and runs,vivido,0,True,dog,True,True,dog,dog,22.560291290283203,22.560291290283203,,,,,,,
dog,a dog that barks and runs,vivido,1,True,dog,True,True,dog,dog,29.293733596801758,29.293733596801758,,,,,,,
dog,a dog that barks and runs,vivido,2,True,dog,True,True,dog,dog,22.972896575927734,22.972896575927734,34.769107818603516,9.890625,,,,,
dog,a dog that barks and runs,sustitucion,0,False,horse,,,,,,,,,,,,,
dog,a dog that barks and runs,sustitucion,1,False,horse,,,,,,,,,,,,,
dog,a dog that barks and runs,sustitucion,2,False,horse,,,,,,,,,,,,,
dog,a dog that barks and runs,descripcion,0,True,horse,True,True,dog,dog,25.914968490600586,25.914968490600586,,,,,,,
dog,a dog that barks and runs,descripcion,1,True,horse,True,True,dog,dog,22.23679542541504,22.23679542541504,,,,,,,
dog,a dog that barks and runs,descripcion,2,True,horse,True,True,dog,dog,23.525955200195312,23.525955200195312,33.407859802246094,9.8125,,,,,
dog,domestic canine house pet,vivido,0,True,dog,True,True,dog,dog,23.75543975830078,23.75543975830078,,,,,,,
dog,domestic canine house pet,vivido,1,True,dog,True,True,dog,dog,20.509849548339844,20.509849548339844,,,,,,,
dog,domestic canine house pet,vivido,2,True,dog,True,True,dog,dog,25.786853790283203,25.786853790283203,33.06052780151367,9.453125,,,,,
dog,domestic canine house pet,sustitucion,0,False,horse,,,,,,,,,,,,,
dog,domestic canine house pet,sustitucion,1,False,horse,,,,,,,,,,,,,
dog,domestic canine house pet,sustitucion,2,False,horse,,,,,,,,,,,,,
dog,domestic canine house pet,descripcion,0,True,horse,True,True,dog,dog,25.48503875732422,25.48503875732422,,,,,,,
dog,domestic canine house pet,descripcion,1,True,horse,True,True,dog,dog,24.095115661621094,24.095115661621094,,,,,,,
dog,domestic canine house pet,descripcion,2,True,horse,True,True,dog,dog,24.493547439575195,24.493547439575195,36.69056701660156,9.8125,,,,,
dog,four legged barking pet,vivido,0,True,dog,True,True,dog,dog,31.038864135742188,31.038864135742188,,,,,,,
dog,four legged barking pet,vivido,1,True,dog,True,True,dog,dog,26.00620460510254,26.00620460510254,,,,,,,
dog,four legged barking pet,vivido,2,True,dog,True,True,dog,dog,20.73035430908203,20.73035430908203,37.83359146118164,9.75,,,,,
dog,four legged barking pet,sustitucion,0,False,horse,,,,,,,,,,,,,
dog,four legged barking pet,sustitucion,1,False,horse,,,,,,,,,,,,,
dog,four legged barking pet,sustitucion,2,False,horse,,,,,,,,,,,,,
dog,four legged barking pet,descripcion,0,True,horse,True,True,dog,dog,24.39324378967285,24.39324378967285,,,,,,,
dog,four legged barking pet,descripcion,1,True,horse,True,True,dog,dog,26.353286743164062,26.353286743164062,,,,,,,
dog,four legged barking pet,descripcion,2,True,horse,True,True,dog,dog,21.647079467773438,21.647079467773438,32.434478759765625,9.8125,,,,,
dog,canine friend with a wet nose,vivido,0,True,dog,True,True,dog,dog,22.378511428833008,22.378511428833008,,,,,,,
dog,canine friend with a wet nose,vivido,1,True,dog,True,True,dog,dog,23.67498207092285,23.67498207092285,,,,,,,
dog,canine friend with a wet nose,vivido,2,True,dog,True,True,dog,dog,27.818470001220703,27.818470001220703,37.164669036865234,9.453125,,,,,
dog,canine friend with a wet nose,sustitucion,0,False,horse,,,,,,,,,,,,,
dog,canine friend with a wet nose,sustitucion,1,False,horse,,,,,,,,,,,,,
dog,canine friend with a wet nose,sustitucion,2,False,horse,,,,,,,,,,,,,
dog,canine friend with a wet nose,descripcion,0,True,horse,True,True,dog,dog,22.91209602355957,22.91209602355957,,,,,,,
dog,canine friend with a wet nose,descripcion,1,True,horse,True,True,dog,dog,23.020687103271484,23.020687103271484,,,,,,,
dog,canine friend with a wet nose,descripcion,2,True,horse,True,True,dog,dog,22.66084098815918,22.66084098815918,32.592777252197266,9.8125,,,,,
dog,a house pet that barks,vivido,0,True,dog,True,True,dog,dog,24.53034019470215,24.53034019470215,,,,,,,
dog,a house pet that barks,vivido,1,True,dog,True,True,dog,dog,23.781503677368164,23.781503677368164,,,,,,,
dog,a house pet that barks,vivido,2,True,dog,True,True,dog,dog,25.86751937866211,25.86751937866211,36.36756896972656,9.015625,,,,,
dog,a house pet that barks,sustitucion,0,False,horse,,,,,,,,,,,,,
dog,a house pet that barks,sustitucion,1,False,horse,,,,,,,,,,,,,
dog,a house pet that barks,sustitucion,2,False,horse,,,,,,,,,,,,,
dog,a house pet that barks,descripcion,0,True,horse,True,True,dog,dog,26.680843353271484,26.680843353271484,,,,,,,
dog,a house pet that barks,descripcion,1,True,horse,True,True,dog,dog,21.268781661987305,21.268781661987305,,,,,,,
dog,a house pet that barks,descripcion,2,True,horse,True,True,dog,dog,26.159666061401367,26.159666061401367,31.630033493041992,9.8125,,,,,
dog,domestic mammal that goes woof,vivido,0,True,dog,True,True,dog,dog,26.669919967651367,26.669919967651367,,,,,,,
dog,domestic mammal that goes woof,vivido,1,True,dog,True,True,dog,dog,30.68852996826172,30.68852996826172,,,,,,,
dog,domestic mammal that goes woof,vivido,2,True,dog,True,True,dog,dog,28.65380096435547,28.65380096435547,37.5704231262207,9.28125,,,,,
dog,domestic mammal that goes woof,sustitucion,0,False,horse,,,,,,,,,,,,,
dog,domestic mammal that goes woof,sustitucion,1,False,horse,,,,,,,,,,,,,
dog,domestic mammal that goes woof,sustitucion,2,False,horse,,,,,,,,,,,,,
dog,domestic mammal that goes woof,descripcion,0,True,horse,True,True,dog,dog,26.93666648864746,26.93666648864746,,,,,,,
dog,domestic mammal that goes woof,descripcion,1,True,horse,True,True,dog,dog,24.77486801147461,24.77486801147461,,,,,,,
dog,domestic mammal that goes woof,descripcion,2,True,horse,True,True,dog,dog,27.022960662841797,27.022960662841797,31.997283935546875,9.8125,,,,,
dog,a canine with fleas and a tail,vivido,0,True,dog,True,True,dog,dog,25.003936767578125,25.003936767578125,,,,,,,
dog,a canine with fleas and a tail,vivido,1,True,dog,True,True,dog,dog,22.459970474243164,22.459970474243164,,,,,,,
dog,a canine with fleas and a tail,vivido,2,True,dog,True,True,dog,dog,21.81243896484375,21.81243896484375,35.34828186035156,9.453125,,,,,
dog,a canine with fleas and a tail,sustitucion,0,False,horse,,,,,,,,,,,,,
dog,a canine with fleas and a tail,sustitucion,1,False,horse,,,,,,,,,,,,,
dog,a canine with fleas and a tail,sustitucion,2,False,horse,,,,,,,,,,,,,
dog,a canine with fleas and a tail,descripcion,0,True,horse,True,True,dog,dog,23.67195701599121,23.67195701599121,,,,,,,
dog,a canine with fleas and a tail,descripcion,1,True,horse,True,True,dog,dog,27.074939727783203,27.074939727783203,,,,,,,
dog,a canine with fleas and a tail,descripcion,2,True,horse,True,True,dog,dog,22.831954956054688,22.831954956054688,35.35801315307617,9.8125,,,,,
dog,pet dog with four legs,vivido,0,True,dog,True,True,dog,dog,26.44329833984375,26.44329833984375,,,,,,,
dog,pet dog with four legs,vivido,1,True,dog,True,True,dog,dog,23.9733829498291,23.9733829498291,,,,,,,
dog,pet dog with four legs,vivido,2,True,dog,True,True,dog,dog,26.125951766967773,26.125951766967773,39.384925842285156,9.75,,,,,
dog,pet dog with four legs,sustitucion,0,False,horse,,,,,,,,,,,,,
dog,pet dog with four legs,sustitucion,1,False,horse,,,,,,,,,,,,,
dog,pet dog with four legs,sustitucion,2,False,horse,,,,,,,,,,,,,
dog,pet dog with four legs,descripcion,0,True,horse,True,True,dog,dog,24.391010284423828,24.391010284423828,,,,,,,
dog,pet dog with four legs,descripcion,1,True,horse,True,True,dog,dog,25.45882225036621,25.45882225036621,,,,,,,
dog,pet dog with four legs,descripcion,2,True,horse,True,True,dog,dog,23.737485885620117,23.737485885620117,36.36280822753906,9.8125,,,,,
dog,a puppy or stray canine,vivido,0,True,dog,True,True,dog,dog,22.868000030517578,22.868000030517578,,,,,,,
dog,a puppy or stray canine,vivido,1,True,dog,True,True,dog,dog,28.87754249572754,28.87754249572754,,,,,,,
dog,a puppy or stray canine,vivido,2,True,dog,True,True,dog,dog,27.92226219177246,27.92226219177246,36.32925033569336,9.25,,,,,
dog,a puppy or stray canine,sustitucion,0,False,horse,,,,,,,,,,,,,
dog,a puppy or stray canine,sustitucion,1,False,horse,,,,,,,,,,,,,
dog,a puppy or stray canine,sustitucion,2,False,horse,,,,,,,,,,,,,
dog,a puppy or stray canine,descripcion,0,True,horse,True,True,dog,dog,23.082082748413086,23.082082748413086,,,,,,,
dog,a puppy or stray canine,descripcion,1,True,horse,True,True,dog,dog,23.52317237854004,23.52317237854004,,,,,,,
dog,a puppy or stray canine,descripcion,2,True,horse,True,True,dog,dog,23.74673843383789,23.74673843383789,32.22506332397461,9.8125,,,,,
dog,wolf like canine pet,vivido,0,True,dog,True,True,dog,dog,24.338659286499023,24.338659286499023,,,,,,,
dog,wolf like canine pet,vivido,1,True,dog,True,True,dog,dog,23.21895408630371,23.21895408630371,,,,,,,
dog,wolf like canine pet,vivido,2,True,dog,True,True,dog,dog,22.218305587768555,22.218305587768555,29.962316513061523,8.8125,,,,,
dog,wolf like canine pet,sustitucion,0,False,horse,,,,,,,,,,,,,
dog,wolf like canine pet,sustitucion,1,False,horse,,,,,,,,,,,,,
dog,wolf like canine pet,sustitucion,2,False,horse,,,,,,,,,,,,,
dog,wolf like canine pet,descripcion,0,True,horse,True,True,dog,dog,23.054197311401367,23.054197311401367,,,,,,,
dog,wolf like canine pet,descripcion,1,True,horse,True,True,dog,dog,26.276840209960938,26.276840209960938,,,,,,,
dog,wolf like canine pet,descripcion,2,True,horse,True,True,dog,dog,23.404129028320312,23.404129028320312,32.41627883911133,9.8125,,,,,
dog,best friend canine mammal,vivido,0,True,dog,True,True,dog,dog,23.205120086669922,23.205120086669922,,,,,,,
dog,best friend canine mammal,vivido,1,True,dog,True,True,dog,dog,24.89365005493164,24.89365005493164,,,,,,,
dog,best friend canine mammal,vivido,2,True,dog,True,True,dog,dog,25.32939910888672,25.32939910888672,33.00594711303711,9.453125,,,,,
dog,best friend canine mammal,sustitucion,0,False,horse,,,,,,,,,,,,,
dog,best friend canine mammal,sustitucion,1,False,horse,,,,,,,,,,,,,
dog,best friend canine mammal,sustitucion,2,False,horse,,,,,,,,,,,,,
dog,best friend canine mammal,descripcion,0,True,horse,True,True,dog,dog,20.077468872070312,20.077468872070312,,,,,,,
dog,best friend canine mammal,descripcion,1,True,horse,True,True,dog,dog,23.564485549926758,23.564485549926758,,,,,,,
dog,best friend canine mammal,descripcion,2,True,horse,True,True,dog,dog,25.875839233398438,25.875839233398438,33.90778732299805,9.8125,,,,,
dog,a barking pet with a tail,vivido,0,True,dog,True,True,dog,dog,23.869606018066406,23.869606018066406,,,,,,,
dog,a barking pet with a tail,vivido,1,True,dog,True,True,dog,dog,25.369789123535156,25.369789123535156,,,,,,,
dog,a barking pet with a tail,vivido,2,True,dog,True,True,dog,dog,24.124183654785156,24.124183654785156,32.41641616821289,9.75,,,,,
dog,a barking pet with a tail,sustitucion,0,False,horse,,,,,,,,,,,,,
dog,a barking pet with a tail,sustitucion,1,False,horse,,,,,,,,,,,,,
dog,a barking pet with a tail,sustitucion,2,False,horse,,,,,,,,,,,,,
dog,a barking pet with a tail,descripcion,0,True,horse,True,True,dog,dog,27.649295806884766,27.649295806884766,,,,,,,
dog,a barking pet with a tail,descripcion,1,True,horse,True,True,dog,dog,21.747045516967773,21.747045516967773,,,,,,,
dog,a barking pet with a tail,descripcion,2,True,horse,True,True,dog,dog,27.329984664916992,27.329984664916992,37.872798919677734,9.8125,,,,,
dog,domestic dog chasing a cat,vivido,0,True,dog,True,True,dog,dog,25.849609375,25.849609375,,,,,,,
dog,domestic dog chasing a cat,vivido,1,True,dog,True,True,dog,dog,22.94894790649414,22.94894790649414,,,,,,,
dog,domestic dog chasing a cat,vivido,2,True,dog,True,True,dog,dog,24.678979873657227,24.678979873657227,37.15327072143555,9.890625,,,,,
dog,domestic dog chasing a cat,sustitucion,0,False,horse,,,,,,,,,,,,,
dog,domestic dog chasing a cat,sustitucion,1,False,horse,,,,,,,,,,,,,
dog,domestic dog chasing a cat,sustitucion,2,False,horse,,,,,,,,,,,,,
dog,domestic dog chasing a cat,descripcion,0,True,horse,True,True,dog,dog,24.807159423828125,24.807159423828125,,,,,,,
dog,domestic dog chasing a cat,descripcion,1,True,horse,True,True,dog,dog,20.567567825317383,20.567567825317383,,,,,,,
dog,domestic dog chasing a cat,descripcion,2,True,horse,True,True,dog,dog,27.9083194732666,27.9083194732666,32.96601867675781,9.8125,,,,,
dog,a fun loving house pet,vivido,0,True,dog,True,True,dog,dog,26.236913681030273,26.236913681030273,,,,,,,
dog,a fun loving house pet,vivido,1,True,dog,True,True,dog,dog,22.0942325592041,22.0942325592041,,,,,,,
dog,a fun loving house pet,vivido,2,True,dog,True,True,dog,dog,21.118759155273438,21.118759155273438,33.44075393676758,9.015625,,,,,
dog,a fun loving house pet,sustitucion,0,False,horse,,,,,,,,,,,,,
dog,a fun loving house pet,sustitucion,1,False,horse,,,,,,,,,,,,,
dog,a fun loving house pet,sustitucion,2,False,horse,,,,,,,,,,,,,
dog,a fun loving house pet,descripcion,0,True,horse,True,True,dog,dog,26.44934844970703,26.44934844970703,,,,,,,
dog,a fun loving house pet,descripcion,1,True,horse,True,True,dog,dog,23.79920196533203,23.79920196533203,,,,,,,
dog,a fun loving house pet,descripcion,2,True,horse,True,True,dog,dog,24.970989227294922,24.970989227294922,34.814910888671875,9.8125,,,,,
dog,a house dog with a wagging tail,vivido,0,True,dog,True,True,dog,dog,24.887475967407227,24.887475967407227,,,,,,,
dog,a house dog with a wagging tail,vivido,1,True,dog,True,True,dog,dog,23.408740997314453,23.408740997314453,,,,,,,
dog,a house dog with a wagging tail,vivido,2,True,dog,True,True,dog,dog,24.283092498779297,24.283092498779297,30.214561462402344,9.015625,,,,,
dog,a house dog with a wagging tail,sustitucion,0,False,horse,,,,,,,,,,,,,
dog,a house dog with a wagging tail,sustitucion,1,False,horse,,,,,,,,,,,,,
dog,a house dog with a wagging tail,sustitucion,2,False,horse,,,,,,,,,,,,,
dog,a house dog with a wagging tail,descripcion,0,True,horse,True,True,dog,dog,21.086530685424805,21.086530685424805,,,,,,,
dog,a house dog with a wagging tail,descripcion,1,True,horse,True,True,dog,dog,22.75153160095215,22.75153160095215,,,,,,,
dog,a house dog with a wagging tail,descripcion,2,True,horse,True,True,dog,dog,24.447534561157227,24.447534561157227,30.913101196289062,9.8125,,,,,
dog,a dog wagging its tail happily,vivido,0,True,dog,True,True,dog,dog,31.273290634155273,31.273290634155273,,,,,,,
dog,a dog wagging its tail happily,vivido,1,True,dog,True,True,dog,dog,22.805389404296875,22.805389404296875,,,,,,,
dog,a dog wagging its tail happily,vivido,2,True,dog,True,True,dog,dog,25.727590560913086,25.727590560913086,37.7127799987793,9.890625,,,,,
dog,a dog wagging its tail happily,sustitucion,0,False,horse,,,,,,,,,,,,,
dog,a dog wagging its tail happily,sustitucion,1,False,horse,,,,,,,,,,,,,
dog,a dog wagging its tail happily,sustitucion,2,False,horse,,,,,,,,,,,,,
dog,a dog wagging its tail happily,descripcion,0,True,horse,True,True,dog,dog,25.672842025756836,25.672842025756836,,,,,,,
dog,a dog wagging its tail happily,descripcion,1,True,horse,True,True,dog,dog,28.145280838012695,28.145280838012695,,,,,,,
dog,a dog wagging its tail happily,descripcion,2,True,horse,True,True,dog,dog,23.762836456298828,23.762836456298828,34.8713493347168,9.8125,,,,,
dog,a dog barking at the mailman,vivido,0,True,dog,True,True,dog,dog,27.58696174621582,27.58696174621582,,,,,,,
dog,a dog barking at the mailman,vivido,1,True,dog,True,True,dog,dog,27.77182960510254,27.77182960510254,,,,,,,
dog,a dog barking at the mailman,vivido,2,True,dog,True,True,dog,dog,24.294795989990234,24.294795989990234,38.65670394897461,9.890625,,,,,
dog,a dog barking at the mailman,sustitucion,0,False,horse,,,,,,,,,,,,,
dog,a dog barking at the mailman,sustitucion,1,False,horse,,,,,,,,,,,,,
dog,a dog barking at the mailman,sustitucion,2,False,horse,,,,,,,,,,,,,
dog,a dog barking at the mailman,descripcion,0,True,horse,True,True,dog,dog,22.628433227539062,22.628433227539062,,,,,,,
dog,a dog barking at the mailman,descripcion,1,True,horse,True,True,dog,dog,22.968896865844727,22.968896865844727,,,,,,,
dog,a dog barking at the mailman,descripcion,2,True,horse,True,True,dog,dog,26.8592586517334,26.8592586517334,35.739593505859375,9.8125,,,,,
dog,a loyal pet dog beside its owner,vivido,0,True,dog,True,True,dog,dog,30.159893035888672,30.159893035888672,,,,,,,
dog,a loyal pet dog beside its owner,vivido,1,True,dog,True,True,dog,dog,18.700401306152344,18.700401306152344,,,,,,,
dog,a loyal pet dog beside its owner,vivido,2,True,dog,True,True,dog,dog,22.2482852935791,22.2482852935791,33.3239631652832,9.75,,,,,
dog,a loyal pet dog beside its owner,sustitucion,0,False,horse,,,,,,,,,,,,,
dog,a loyal pet dog beside its owner,sustitucion,1,False,horse,,,,,,,,,,,,,
dog,a loyal pet dog beside its owner,sustitucion,2,False,horse,,,,,,,,,,,,,
dog,a loyal pet dog beside its owner,descripcion,0,True,horse,True,True,dog,dog,25.214982986450195,25.214982986450195,,,,,,,
dog,a loyal pet dog beside its owner,descripcion,1,True,horse,True,True,dog,dog,24.93434715270996,24.93434715270996,,,,,,,
dog,a loyal pet dog beside its owner,descripcion,2,True,horse,True,True,dog,dog,23.835222244262695,23.835222244262695,36.17525100708008,9.8125,,,,,
dog,a small dog barking at strangers,vivido,0,True,dog,True,True,dog,dog,28.33555030822754,28.33555030822754,,,,,,,
dog,a small dog barking at strangers,vivido,1,True,dog,True,True,dog,dog,27.59027671813965,27.59027671813965,,,,,,,
dog,a small dog barking at strangers,vivido,2,True,dog,True,True,dog,dog,32.94551467895508,32.94551467895508,43.040191650390625,9.890625,,,,,
dog,a small dog barking at strangers,sustitucion,0,False,cup,,,,,,,,,,,,,
dog,a small dog barking at strangers,sustitucion,1,False,cup,,,,,,,,,,,,,
dog,a small dog barking at strangers,sustitucion,2,False,cup,,,,,,,,,,,,,
dog,a small dog barking at strangers,descripcion,0,True,horse,True,True,dog,dog,26.56186866760254,26.56186866760254,,,,,,,
dog,a small dog barking at strangers,descripcion,1,True,horse,True,True,dog,dog,24.042747497558594,24.042747497558594,,,,,,,
dog,a small dog barking at strangers,descripcion,2,True,horse,True,True,dog,dog,24.234333038330078,24.234333038330078,34.38387680053711,9.8125,,,,,
dog,a dog wagging its tail at the door,vivido,0,True,dog,True,True,dog,dog,26.230072021484375,26.230072021484375,,,,,,,
dog,a dog wagging its tail at the door,vivido,1,True,dog,True,True,dog,dog,28.179460525512695,28.179460525512695,,,,,,,
dog,a dog wagging its tail at the door,vivido,2,True,dog,True,True,dog,dog,23.9951114654541,23.9951114654541,38.227447509765625,9.890625,,,,,
dog,a dog wagging its tail at the door,sustitucion,0,False,horse,,,,,,,,,,,,,
dog,a dog wagging its tail at the door,sustitucion,1,False,horse,,,,,,,,,,,,,
dog,a dog wagging its tail at the door,sustitucion,2,False,horse,,,,,,,,,,,,,
dog,a dog wagging its tail at the door,descripcion,0,True,horse,True,True,dog,dog,23.968402862548828,23.968402862548828,,,,,,,
dog,a dog wagging its tail at the door,descripcion,1,True,horse,True,True,dog,dog,27.869626998901367,27.869626998901367,,,,,,,
dog,a dog wagging its tail at the door,descripcion,2,True,horse,True,True,dog,dog,26.5115966796875,26.5115966796875,35.31639862060547,9.8125,,,,,
dog,a canine companion on a walk,vivido,0,True,dog,True,True,dog,dog,27.984766006469727,27.984766006469727,,,,,,,
dog,a canine companion on a walk,vivido,1,True,dog,True,True,dog,dog,26.284454345703125,26.284454345703125,,,,,,,
dog,a canine companion on a walk,vivido,2,True,dog,True,True,dog,dog,28.611515045166016,28.611515045166016,43.68446350097656,9.453125,,,,,
dog,a canine companion on a walk,sustitucion,0,False,horse,,,,,,,,,,,,,
dog,a canine companion on a walk,sustitucion,1,False,horse,,,,,,,,,,,,,
dog,a canine companion on a walk,sustitucion,2,False,horse,,,,,,,,,,,,,
dog,a canine companion on a walk,descripcion,0,True,horse,True,True,dog,dog,27.484455108642578,27.484455108642578,,,,,,,
dog,a canine companion on a walk,descripcion,1,True,horse,True,True,dog,dog,26.091829299926758,26.091829299926758,,,,,,,
dog,a canine companion on a walk,descripcion,2,True,horse,True,True,dog,dog,24.9521484375,24.9521484375,37.41977310180664,9.8125,,,,,
dog,__ruteo__,ruteo,0,,,,,,,,,,,49,23,4,22,"{""vivido"": {""entre_consultas"": 38.50233459472656, ""dentro_consulta"": 36.26378971597423, ""F_dependencia"": 1.7285860126959567}, ""sustitucion"": {""entre_consultas"": NaN, ""dentro_consulta"": NaN, ""F_dependencia"": NaN}, ""descripcion"": {""entre_consultas"": 35.110740661621094, ""dentro_consulta"": 34.333235947982125, ""F_dependencia"": 1.539884154853321}}"
horse,animal with a mane,vivido,0,True,horse,True,True,horse,horse,21.163436889648438,21.163436889648438,,,,,,,
horse,animal with a mane,vivido,1,True,horse,True,True,horse,horse,16.815980911254883,16.815980911254883,,,,,,,
horse,animal with a mane,vivido,2,True,horse,True,True,horse,horse,15.264588356018066,15.264588356018066,22.841964721679688,8.140625,,,,,
horse,animal with a mane,sustitucion,0,True,cow,False,False,cow,cow,47.71841049194336,26.125934600830078,,,,,,,
horse,animal with a mane,sustitucion,1,True,cow,False,False,cow,cow,41.98919677734375,25.09527587890625,,,,,,,
horse,animal with a mane,sustitucion,2,True,cow,False,False,cow,cow,40.24870681762695,21.73225212097168,32.91596603393555,7.390625,,,,,
horse,animal with a mane,descripcion,0,True,pear,True,True,horse,horse,21.086063385009766,21.086063385009766,,,,,,,
horse,animal with a mane,descripcion,1,True,pear,True,True,horse,horse,21.810970306396484,21.810970306396484,,,,,,,
horse,animal with a mane,descripcion,2,True,pear,True,True,horse,horse,19.522335052490234,19.522335052490234,30.862060546875,8.78125,,,,,
horse,has four legs and hooves,vivido,0,False,horse,,,,,,,,,,,,,
horse,has four legs and hooves,vivido,1,False,horse,,,,,,,,,,,,,
horse,has four legs and hooves,vivido,2,False,horse,,,,,,,,,,,,,
horse,has four legs and hooves,sustitucion,0,False,pear,,,,,,,,,,,,,
horse,has four legs and hooves,sustitucion,1,False,pear,,,,,,,,,,,,,
horse,has four legs and hooves,sustitucion,2,False,pear,,,,,,,,,,,,,
horse,has four legs and hooves,descripcion,0,True,pear,True,True,horse,horse,19.316646575927734,19.316646575927734,,,,,,,
horse,has four legs and hooves,descripcion,1,True,pear,True,True,horse,horse,23.997438430786133,23.997438430786133,,,,,,,
horse,has four legs and hooves,descripcion,2,True,pear,True,True,horse,horse,23.15312385559082,23.15312385559082,28.24410057067871,8.78125,,,,,
horse,riding and racing animal,vivido,0,True,horse,True,True,horse,horse,14.16118049621582,14.16118049621582,,,,,,,
horse,riding and racing animal,vivido,1,True,horse,True,True,horse,horse,16.336645126342773,16.336645126342773,,,,,,,
horse,riding and racing animal,vivido,2,True,horse,True,True,horse,horse,19.739803314208984,19.739803314208984,23.860754013061523,8.1875,,,,,
horse,riding and racing animal,sustitucion,0,True,cow,False,False,cow,cow,43.28898620605469,23.394468307495117,,,,,,,
horse,riding and racing animal,sustitucion,1,True,cow,False,False,cow,cow,44.50678253173828,24.605239868164062,,,,,,,
horse,riding and racing animal,sustitucion,2,True,cow,False,False,cow,cow,40.578330993652344,24.312326431274414,34.231834411621094,7.390625,,,,,
horse,riding and racing animal,descripcion,0,True,pear,True,True,horse,horse,21.458040237426758,21.458040237426758,,,,,,,
horse,riding and racing animal,descripcion,1,True,pear,True,True,horse,horse,19.868755340576172,19.868755340576172,,,,,,,
horse,riding and racing animal,descripcion,2,True,pear,True,True,horse,horse,17.71379852294922,17.71379852294922,27.49574851989746,8.78125,,,,,
horse,an equine animal,vivido,0,True,horse,True,True,horse,horse,22.30178451538086,22.30178451538086,,,,,,,
horse,an equine animal,vivido,1,True,horse,True,True,horse,horse,21.368120193481445,21.368120193481445,,,,,,,
horse,an equine animal,vivido,2,True,horse,True,True,horse,horse,23.021408081054688,23.021408081054688,27.092802047729492,7.765625,,,,,
horse,an equine animal,sustitucion,0,True,cow,False,False,cow,cow,49.11524200439453,26.223066329956055,,,,,,,
horse,an equine animal,sustitucion,1,True,cow,False,False,cow,cow,48.12256622314453,26.799644470214844,,,,,,,
horse,an equine animal,sustitucion,2,True,cow,False,False,cow,cow,44.11970901489258,21.799766540527344,33.71598815917969,7.390625,,,,,
horse,an equine animal,descripcion,0,True,pear,True,True,horse,horse,23.375473022460938,23.375473022460938,,,,,,,
horse,an equine animal,descripcion,1,True,pear,True,True,horse,horse,23.73194122314453,23.73194122314453,,,,,,,
horse,an equine animal,descripcion,2,True,pear,True,True,horse,horse,22.512737274169922,22.512737274169922,29.250486373901367,8.78125,,,,,
horse,racing animal with mane,vivido,0,True,horse,True,True,horse,horse,15.939004898071289,15.939004898071289,,,,,,,
horse,racing animal with mane,vivido,1,True,horse,True,True,horse,horse,17.593074798583984,17.593074798583984,,,,,,,
horse,racing animal with mane,vivido,2,True,horse,True,True,horse,horse,18.120487213134766,18.120487213134766,24.915983200073242,7.09375,,,,,
horse,racing animal with mane,sustitucion,0,True,cow,False,False,cow,cow,44.270477294921875,24.204622268676758,,,,,,,
horse,racing animal with mane,sustitucion,1,True,cow,False,False,cow,cow,40.60389709472656,23.89687156677246,,,,,,,
horse,racing animal with mane,sustitucion,2,True,cow,False,False,cow,cow,44.65409851074219,24.089290618896484,31.994476318359375,7.390625,,,,,
horse,racing animal with mane,descripcion,0,True,pear,True,True,horse,horse,21.506820678710938,21.506820678710938,,,,,,,
horse,racing animal with mane,descripcion,1,True,pear,True,True,horse,horse,19.779922485351562,19.779922485351562,,,,,,,
horse,racing animal with mane,descripcion,2,True,pear,True,True,horse,horse,23.081008911132812,23.081008911132812,28.320632934570312,8.78125,,,,,
horse,big four legged animal,vivido,0,True,horse,True,True,horse,horse,18.903902053833008,18.903902053833008,,,,,,,
horse,big four legged animal,vivido,1,True,horse,True,True,horse,horse,27.04701042175293,27.04701042175293,,,,,,,
horse,big four legged animal,vivido,2,True,horse,True,True,horse,horse,26.791152954101562,26.791152954101562,37.8089599609375,8.140625,,,,,
horse,big four legged animal,sustitucion,0,True,cow,False,False,cow,cow,48.60902404785156,25.364151000976562,,,,,,,
horse,big four legged animal,sustitucion,1,True,cow,False,False,cow,cow,52.752418518066406,23.10878562927246,,,,,,,
horse,big four legged animal,sustitucion,2,True,cow,False,False,cow,cow,41.545928955078125,23.938350677490234,35.32001876831055,7.390625,,,,,
horse,big four legged animal,descripcion,0,True,pear,True,True,horse,horse,20.87151336669922,20.87151336669922,,,,,,,
horse,big four legged animal,descripcion,1,True,pear,True,True,horse,horse,21.28000831604004,21.28000831604004,,,,,,,
horse,big four legged animal,descripcion,2,True,pear,True,True,horse,horse,20.709684371948242,20.709684371948242,28.440170288085938,8.78125,,,,,
horse,riding farm animal,vivido,0,True,horse,True,True,horse,horse,16.630830764770508,16.630830764770508,,,,,,,
horse,riding farm animal,vivido,1,True,horse,True,True,horse,horse,20.7300968170166,20.7300968170166,,,,,,,
horse,riding farm animal,vivido,2,True,horse,True,True,horse,horse,17.7835693359375,17.7835693359375,26.644454956054688,8.1875,,,,,
horse,riding farm animal,sustitucion,0,True,cow,False,False,cow,cow,35.55884552001953,17.341026306152344,,,,,,,
horse,riding farm animal,sustitucion,1,True,cow,False,False,cow,cow,32.56858825683594,18.816970825195312,,,,,,,
horse,riding farm animal,sustitucion,2,True,cow,False,False,cow,cow,35.07102584838867,17.322362899780273,26.42486572265625,7.6875,,,,,
horse,riding farm animal,descripcion,0,True,pear,True,True,horse,horse,19.073774337768555,19.073774337768555,,,,,,,
horse,riding farm animal,descripcion,1,True,pear,True,True,horse,horse,19.527944564819336,19.527944564819336,,,,,,,
horse,riding farm animal,descripcion,2,True,pear,True,True,horse,horse,21.7069091796875,21.7069091796875,26.823745727539062,8.78125,,,,,
horse,farm mammal with mane,vivido,0,True,horse,True,True,horse,horse,20.913599014282227,20.913599014282227,,,,,,,
horse,farm mammal with mane,vivido,1,True,horse,True,True,horse,horse,24.607290267944336,24.607290267944336,,,,,,,
horse,farm mammal with mane,vivido,2,True,horse,True,True,horse,horse,19.33355712890625,19.33355712890625,31.2940616607666,7.90625,,,,,
horse,farm mammal with mane,sustitucion,0,True,cow,False,False,cow,cow,36.56267547607422,16.027284622192383,,,,,,,
horse,farm mammal with mane,sustitucion,1,True,cow,False,False,cow,cow,33.64391326904297,17.09023666381836,,,,,,,
horse,farm mammal with mane,sustitucion,2,True,cow,False,False,cow,cow,40.58345031738281,22.39954948425293,22.932348251342773,7.6875,,,,,
horse,farm mammal with mane,descripcion,0,True,pear,True,True,horse,horse,22.121623992919922,22.121623992919922,,,,,,,
horse,farm mammal with mane,descripcion,1,True,pear,True,True,horse,horse,22.533145904541016,22.533145904541016,,,,,,,
horse,farm mammal with mane,descripcion,2,True,pear,True,True,horse,horse,22.273475646972656,22.273475646972656,31.43150520324707,8.78125,,,,,
horse,equine riding beast,vivido,0,True,horse,True,True,horse,horse,22.323726654052734,22.323726654052734,,,,,,,
horse,equine riding beast,vivido,1,True,horse,True,True,horse,horse,26.732465744018555,26.732465744018555,,,,,,,
horse,equine riding beast,vivido,2,True,horse,True,True,horse,horse,22.692413330078125,22.692413330078125,37.60160827636719,7.765625,,,,,
horse,equine riding beast,sustitucion,0,False,cow,,,,,,,,,,,,,
horse,equine riding beast,sustitucion,1,False,cow,,,,,,,,,,,,,
horse,equine riding beast,sustitucion,2,False,cow,,,,,,,,,,,,,
horse,equine riding beast,descripcion,0,True,pear,True,True,horse,horse,23.397838592529297,23.397838592529297,,,,,,,
horse,equine riding beast,descripcion,1,True,pear,True,True,horse,horse,21.056848526000977,21.056848526000977,,,,,,,
horse,equine riding beast,descripcion,2,True,pear,True,True,horse,horse,19.628353118896484,19.628353118896484,30.25165367126465,8.78125,,,,,
horse,big strong animal,vivido,0,True,horse,True,True,horse,horse,18.094223022460938,18.094223022460938,,,,,,,
horse,big strong animal,vivido,1,True,horse,True,True,horse,horse,26.63898468017578,26.63898468017578,,,,,,,
horse,big strong animal,vivido,2,True,horse,True,True,horse,horse,17.04738998413086,17.04738998413086,29.54253387451172,8.140625,,,,,
horse,big strong animal,sustitucion,0,True,cow,False,False,cow,cow,46.153076171875,24.960922241210938,,,,,,,
horse,big strong animal,sustitucion,1,True,cow,False,False,cow,cow,39.655704498291016,22.756263732910156,,,,,,,
horse,big strong animal,sustitucion,2,True,cow,False,False,cow,cow,43.48162841796875,23.478971481323242,35.326839447021484,7.390625,,,,,
horse,big strong animal,descripcion,0,True,pear,True,True,horse,horse,21.5752010345459,21.5752010345459,,,,,,,
horse,big strong animal,descripcion,1,True,pear,True,True,horse,horse,21.83555793762207,21.83555793762207,,,,,,,
horse,big strong animal,descripcion,2,True,pear,True,True,horse,horse,22.89084243774414,22.89084243774414,31.547348022460938,8.78125,,,,,
horse,saddle riding animal,vivido,0,True,horse,True,True,horse,horse,17.66795539855957,17.66795539855957,,,,,,,
horse,saddle riding animal,vivido,1,True,horse,True,True,horse,horse,19.806808471679688,19.806808471679688,,,,,,,
horse,saddle riding animal,vivido,2,True,horse,True,True,horse,horse,20.8592529296875,20.8592529296875,28.070539474487305,8.15625,,,,,
horse,saddle riding animal,sustitucion,0,True,cow,False,False,cow,cow,49.68961715698242,23.330646514892578,,,,,,,
horse,saddle riding animal,sustitucion,1,True,cow,False,False,cow,cow,52.525386810302734,21.455289840698242,,,,,,,
horse,saddle riding animal,sustitucion,2,True,cow,False,False,cow,cow,38.10685348510742,21.258886337280273,31.923425674438477,7.390625,,,,,
horse,saddle riding animal,descripcion,0,True,pear,True,True,horse,horse,23.550901412963867,23.550901412963867,,,,,,,
horse,saddle riding animal,descripcion,1,True,pear,True,True,horse,horse,22.589702606201172,22.589702606201172,,,,,,,
horse,saddle riding animal,descripcion,2,True,pear,True,True,horse,horse,18.77781105041504,18.77781105041504,30.27263069152832,8.78125,,,,,
horse,animal that races,vivido,0,True,horse,True,True,horse,horse,26.54916000366211,26.54916000366211,,,,,,,
horse,animal that races,vivido,1,True,horse,True,True,horse,horse,25.834774017333984,25.834774017333984,,,,,,,
horse,animal that races,vivido,2,True,horse,True,True,horse,horse,18.67112159729004,18.67112159729004,36.0267448425293,8.140625,,,,,
horse,animal that races,sustitucion,0,True,cow,False,False,cow,cow,53.092533111572266,25.02027130126953,,,,,,,
horse,animal that races,sustitucion,1,True,cow,False,False,cow,cow,45.4947509765625,23.282367706298828,,,,,,,
horse,animal that races,sustitucion,2,True,cow,False,False,cow,cow,36.14950180053711,22.03152084350586,35.930782318115234,7.390625,,,,,
horse,animal that races,descripcion,0,True,pear,True,True,horse,horse,19.543954849243164,19.543954849243164,,,,,,,
horse,animal that races,descripcion,1,True,pear,True,True,horse,horse,24.88064193725586,24.88064193725586,,,,,,,
horse,animal that races,descripcion,2,True,pear,True,True,horse,horse,20.02608299255371,20.02608299255371,30.875272750854492,8.78125,,,,,
horse,a ridden animal,vivido,0,True,horse,True,True,horse,horse,18.130329132080078,18.130329132080078,,,,,,,
horse,a ridden animal,vivido,1,True,horse,True,True,horse,horse,16.88311195373535,16.88311195373535,,,,,,,
horse,a ridden animal,vivido,2,True,horse,True,True,horse,horse,17.182649612426758,17.182649612426758,20.810319900512695,8.140625,,,,,
horse,a ridden animal,sustitucion,0,True,cow,False,False,cow,cow,47.022735595703125,24.253419876098633,,,,,,,
horse,a ridden animal,sustitucion,1,True,cow,False,False,cow,cow,44.613250732421875,25.807361602783203,,,,,,,
horse,a ridden animal,sustitucion,2,True,cow,False,False,cow,cow,41.50715255737305,23.11747169494629,28.832101821899414,7.390625,,,,,
horse,a ridden animal,descripcion,0,True,pear,True,True,horse,horse,20.70587158203125,20.70587158203125,,,,,,,
horse,a ridden animal,descripcion,1,True,pear,True,True,horse,horse,20.51132583618164,20.51132583618164,,,,,,,
horse,a ridden animal,descripcion,2,True,pear,True,True,horse,horse,20.486473083496094,20.486473083496094,27.852773666381836,8.78125,,,,,
horse,four legged riding mammal,vivido,0,True,horse,True,True,horse,horse,15.686095237731934,15.686095237731934,,,,,,,
horse,four legged riding mammal,vivido,1,True,horse,True,True,horse,horse,17.62892723083496,17.62892723083496,,,,,,,
horse,four legged riding mammal,vivido,2,True,horse,True,True,horse,horse,17.445777893066406,17.445777893066406,23.73130226135254,8.1875,,,,,
horse,four legged riding mammal,sustitucion,0,False,pear,,,,,,,,,,,,,
horse,four legged riding mammal,sustitucion,1,False,pear,,,,,,,,,,,,,
horse,four legged riding mammal,sustitucion,2,False,pear,,,,,,,,,,,,,
horse,four legged riding mammal,descripcion,0,True,pear,True,True,horse,horse,19.037796020507812,19.037796020507812,,,,,,,
horse,four legged riding mammal,descripcion,1,True,pear,True,True,horse,horse,22.494373321533203,22.494373321533203,,,,,,,
horse,four legged riding mammal,descripcion,2,True,pear,True,True,horse,horse,21.461483001708984,21.461483001708984,27.95633888244629,8.78125,,,,,
horse,mammal with hooves and mane,vivido,0,True,horse,True,True,horse,horse,19.325618743896484,19.325618743896484,,,,,,,
horse,mammal with hooves and mane,vivido,1,True,horse,True,True,horse,horse,19.205476760864258,19.205476760864258,,,,,,,
horse,mammal with hooves and mane,vivido,2,True,horse,True,True,horse,horse,17.868623733520508,17.868623733520508,23.05916404724121,7.90625,,,,,
horse,mammal with hooves and mane,sustitucion,0,False,pear,,,,,,,,,,,,,
horse,mammal with hooves and mane,sustitucion,1,False,pear,,,,,,,,,,,,,
horse,mammal with hooves and mane,sustitucion,2,False,pear,,,,,,,,,,,,,
horse,mammal with hooves and mane,descripcion,0,True,pear,True,True,horse,horse,19.929676055908203,19.929676055908203,,,,,,,
horse,mammal with hooves and mane,descripcion,1,True,pear,True,True,horse,horse,18.93775749206543,18.93775749206543,,,,,,,
horse,mammal with hooves and mane,descripcion,2,True,pear,True,True,horse,horse,22.13576889038086,22.13576889038086,29.684616088867188,8.78125,,,,,
horse,big farm riding animal,vivido,0,True,horse,True,True,horse,horse,16.594276428222656,16.594276428222656,,,,,,,
horse,big farm riding animal,vivido,1,True,horse,True,True,horse,horse,26.21233367919922,26.21233367919922,,,,,,,
horse,big farm riding animal,vivido,2,True,horse,True,True,horse,horse,18.353477478027344,18.353477478027344,30.270471572875977,8.1875,,,,,
horse,big farm riding animal,sustitucion,0,True,cow,False,False,cow,cow,31.52704429626465,15.346668243408203,,,,,,,
horse,big farm riding animal,sustitucion,1,True,cow,False,False,cow,cow,31.543493270874023,15.850138664245605,,,,,,,
horse,big farm riding animal,sustitucion,2,True,cow,False,False,cow,cow,38.29042053222656,16.19801139831543,24.7138614654541,7.6875,,,,,
horse,big farm riding animal,descripcion,0,True,pear,True,True,horse,horse,18.604400634765625,18.604400634765625,,,,,,,
horse,big farm riding animal,descripcion,1,True,pear,True,True,horse,horse,21.57654571533203,21.57654571533203,,,,,,,
horse,big farm riding animal,descripcion,2,True,pear,True,True,horse,horse,22.391765594482422,22.391765594482422,31.23670196533203,8.78125,,,,,
horse,animal with mane and tail,vivido,0,True,horse,True,True,horse,horse,27.686676025390625,27.686676025390625,,,,,,,
horse,animal with mane and tail,vivido,1,True,horse,True,True,horse,horse,24.801166534423828,24.801166534423828,,,,,,,
horse,animal with mane and tail,vivido,2,True,horse,True,True,horse,horse,14.82889175415039,14.82889175415039,34.53834533691406,8.140625,,,,,
horse,animal with mane and tail,sustitucion,0,True,dog,False,False,dog,dog,38.39694595336914,25.967723846435547,,,,,,,
horse,animal with mane and tail,sustitucion,1,True,dog,False,False,dog,dog,42.8074836730957,26.67922592163086,,,,,,,
horse,animal with mane and tail,sustitucion,2,True,dog,False,False,dog,dog,36.64031219482422,24.86238670349121,35.228302001953125,10.03125,,,,,
horse,animal with mane and tail,descripcion,0,True,pear,True,True,horse,horse,20.76628303527832,20.76628303527832,,,,,,,
horse,animal with mane and tail,descripcion,1,True,pear,True,True,horse,horse,21.708690643310547,21.708690643310547,,,,,,,
horse,animal with mane and tail,descripcion,2,True,pear,True,True,horse,horse,21.696352005004883,21.696352005004883,26.630701065063477,8.78125,,,,,
horse,a horse with a flowing mane,vivido,0,True,horse,True,True,horse,horse,18.997455596923828,18.997455596923828,,,,,,,
horse,a horse with a flowing mane,vivido,1,True,horse,True,True,horse,horse,16.77442169189453,16.77442169189453,,,,,,,
horse,a horse with a flowing mane,vivido,2,True,horse,True,True,horse,horse,14.915203094482422,14.915203094482422,22.924829483032227,7.890625,,,,,
horse,a horse with a flowing mane,sustitucion,0,False,pear,,,,,,,,,,,,,
horse,a horse with a flowing mane,sustitucion,1,False,pear,,,,,,,,,,,,,
horse,a horse with a flowing mane,sustitucion,2,False,pear,,,,,,,,,,,,,
horse,a horse with a flowing mane,descripcion,0,True,pear,True,True,horse,horse,21.186059951782227,21.186059951782227,,,,,,,
horse,a horse with a flowing mane,descripcion,1,True,pear,True,True,horse,horse,22.97845458984375,22.97845458984375,,,,,,,
horse,a horse with a flowing mane,descripcion,2,True,pear,True,True,horse,horse,20.213401794433594,20.213401794433594,30.244367599487305,8.78125,,,,,
horse,a horse with strong hooves,vivido,0,True,horse,True,True,horse,horse,15.535425186157227,15.535425186157227,,,,,,,
horse,a horse with strong hooves,vivido,1,True,horse,True,True,horse,horse,20.176963806152344,20.176963806152344,,,,,,,
horse,a horse with strong hooves,vivido,2,True,horse,True,True,horse,horse,17.143945693969727,17.143945693969727,24.01587677001953,7.890625,,,,,
horse,a horse with strong hooves,sustitucion,0,False,pear,,,,,,,,,,,,,
horse,a horse with strong hooves,sustitucion,1,False,pear,,,,,,,,,,,,,
horse,a horse with strong hooves,sustitucion,2,False,pear,,,,,,,,,,,,,
horse,a horse with strong hooves,descripcion,0,True,pear,True,True,horse,horse,19.74307632446289,19.74307632446289,,,,,,,
horse,a horse with strong hooves,descripcion,1,True,pear,True,True,horse,horse,21.13822364807129,21.13822364807129,,,,,,,
horse,a horse with strong hooves,descripcion,2,True,pear,True,True,horse,horse,24.321453094482422,24.321453094482422,31.988174438476562,8.78125,,,,,
horse,a jockey riding a horse,vivido,0,True,horse,True,True,horse,horse,20.76154136657715,20.76154136657715,,,,,,,
horse,a jockey riding a horse,vivido,1,True,horse,True,True,horse,horse,20.536911010742188,20.536911010742188,,,,,,,
horse,a jockey riding a horse,vivido,2,True,horse,True,True,horse,horse,24.050830841064453,24.050830841064453,30.15411376953125,6.609375,,,,,
horse,a jockey riding a horse,sustitucion,0,False,pear,,,,,,,,,,,,,
horse,a jockey riding a horse,sustitucion,1,False,pear,,,,,,,,,,,,,
horse,a jockey riding a horse,sustitucion,2,False,pear,,,,,,,,,,,,,
horse,a jockey riding a horse,descripcion,0,True,pear,True,True,horse,horse,17.560392379760742,17.560392379760742,,,,,,,
horse,a jockey riding a horse,descripcion,1,True,pear,True,True,horse,horse,19.368223190307617,19.368223190307617,,,,,,,
horse,a jockey riding a horse,descripcion,2,True,pear,True,True,horse,horse,23.123756408691406,23.123756408691406,29.416793823242188,8.78125,,,,,
horse,a horse with shiny hooves,vivido,0,True,horse,True,True,horse,horse,18.35245132446289,18.35245132446289,,,,,,,
horse,a horse with shiny hooves,vivido,1,True,horse,True,True,horse,horse,18.02953338623047,18.02953338623047,,,,,,,
horse,a horse with shiny hooves,vivido,2,True,horse,True,True,horse,horse,18.176015853881836,18.176015853881836,25.838417053222656,7.890625,,,,,
horse,a horse with shiny hooves,sustitucion,0,False,pear,,,,,,,,,,,,,
horse,a horse with shiny hooves,sustitucion,1,False,pear,,,,,,,,,,,,,
horse,a horse with shiny hooves,sustitucion,2,False,pear,,,,,,,,,,,,,
horse,a horse with shiny hooves,descripcion,0,True,pear,True,True,horse,horse,20.06401824951172,20.06401824951172,,,,,,,
horse,a horse with shiny hooves,descripcion,1,True,pear,True,True,horse,horse,21.780385971069336,21.780385971069336,,,,,,,
horse,a horse with shiny hooves,descripcion,2,True,pear,True,True,horse,horse,22.8494930267334,22.8494930267334,29.981660842895508,8.78125,,,,,
horse,a stallion with a thick mane,vivido,0,True,horse,True,True,horse,horse,22.533132553100586,22.533132553100586,,,,,,,
horse,a stallion with a thick mane,vivido,1,True,horse,True,True,horse,horse,21.695871353149414,21.695871353149414,,,,,,,
horse,a stallion with a thick mane,vivido,2,True,horse,True,True,horse,horse,22.892620086669922,22.892620086669922,28.9759464263916,6.78125,,,,,
horse,a stallion with a thick mane,sustitucion,0,False,pear,,,,,,,,,,,,,
horse,a stallion with a thick mane,sustitucion,1,False,pear,,,,,,,,,,,,,
horse,a stallion with a thick mane,sustitucion,2,False,pear,,,,,,,,,,,,,
horse,a stallion with a thick mane,descripcion,0,True,pear,True,True,horse,horse,23.876285552978516,23.876285552978516,,,,,,,
horse,a stallion with a thick mane,descripcion,1,True,pear,True,True,horse,horse,25.238447189331055,25.238447189331055,,,,,,,
horse,a stallion with a thick mane,descripcion,2,True,pear,True,True,horse,horse,20.543052673339844,20.543052673339844,33.69305419921875,8.78125,,,,,
horse,__ruteo__,ruteo,0,,,,,,,,,,,51,22,5,24,"{""vivido"": {""entre_consultas"": 28.068483352661133, ""dentro_consulta"": 28.096152078537713, ""F_dependencia"": 1.631719693219824}, ""sustitucion"": {""entre_consultas"": 39.135318756103516, ""dentro_consulta"": 31.499293107252853, ""F_dependencia"": 4.163426746197205}, ""descripcion"": {""entre_consultas"": 29.297069549560547, ""dentro_consulta"": 29.659115357832476, ""F_dependencia"": 1.4492093278395628}}"
pear,fruit with a rounded bottom and narrow top,vivido,0,True,pear,True,True,pear,pear,19.13645362854004,19.13645362854004,,,,,,,
pear,fruit with a rounded bottom and narrow top,vivido,1,True,pear,True,True,pear,pear,20.783769607543945,20.783769607543945,,,,,,,
pear,fruit with a rounded bottom and narrow top,vivido,2,True,pear,True,True,pear,pear,26.23836898803711,26.23836898803711,31.487749099731445,8.78125,,,,,
pear,fruit with a rounded bottom and narrow top,sustitucion,0,True,apple,False,False,apple,apple,49.36874771118164,23.909276962280273,,,,,,,
pear,fruit with a rounded bottom and narrow top,sustitucion,1,True,apple,False,False,apple,apple,48.94113540649414,20.3159122467041,,,,,,,
pear,fruit with a rounded bottom and narrow top,sustitucion,2,True,apple,False,False,apple,apple,52.94173812866211,23.81707763671875,29.832077026367188,9.46875,,,,,
pear,fruit with a rounded bottom and narrow top,descripcion,0,True,tomato,True,True,pear,pear,22.237028121948242,22.237028121948242,,,,,,,
pear,fruit with a rounded bottom and narrow top,descripcion,1,True,tomato,True,True,pear,pear,26.51449966430664,26.51449966430664,,,,,,,
pear,fruit with a rounded bottom and narrow top,descripcion,2,True,tomato,True,True,pear,pear,21.702356338500977,21.702356338500977,31.2413272857666,8.5,,,,,
pear,a bell shaped pear,vivido,0,True,pear,True,True,pear,pear,18.439559936523438,18.439559936523438,,,,,,,
pear,a bell shaped pear,vivido,1,True,pear,True,True,pear,pear,20.186254501342773,20.186254501342773,,,,,,,
pear,a bell shaped pear,vivido,2,True,pear,True,True,pear,pear,24.33903694152832,24.33903694152832,28.49744987487793,8.640625,,,,,
pear,a bell shaped pear,sustitucion,0,False,apple,,,,,,,,,,,,,
pear,a bell shaped pear,sustitucion,1,False,apple,,,,,,,,,,,,,
pear,a bell shaped pear,sustitucion,2,False,apple,,,,,,,,,,,,,
pear,a bell shaped pear,descripcion,0,True,tomato,True,True,pear,pear,19.34959602355957,19.34959602355957,,,,,,,
pear,a bell shaped pear,descripcion,1,True,tomato,True,True,pear,pear,21.136247634887695,21.136247634887695,,,,,,,
pear,a bell shaped pear,descripcion,2,True,tomato,True,True,pear,pear,18.13850975036621,18.13850975036621,29.079336166381836,8.5,,,,,
pear,a pear with a narrow neck,vivido,0,True,pear,True,True,pear,pear,21.469877243041992,21.469877243041992,,,,,,,
pear,a pear with a narrow neck,vivido,1,True,pear,True,True,pear,pear,20.923688888549805,20.923688888549805,,,,,,,
pear,a pear with a narrow neck,vivido,2,True,pear,True,True,pear,pear,18.31532859802246,18.31532859802246,29.783777236938477,8.640625,,,,,
pear,a pear with a narrow neck,sustitucion,0,False,apple,,,,,,,,,,,,,
pear,a pear with a narrow neck,sustitucion,1,False,apple,,,,,,,,,,,,,
pear,a pear with a narrow neck,sustitucion,2,False,apple,,,,,,,,,,,,,
pear,a pear with a narrow neck,descripcion,0,True,tomato,True,True,pear,pear,19.620262145996094,19.620262145996094,,,,,,,
pear,a pear with a narrow neck,descripcion,1,True,tomato,True,True,pear,pear,22.47981071472168,22.47981071472168,,,,,,,
pear,a pear with a narrow neck,descripcion,2,True,tomato,True,True,pear,pear,20.551008224487305,20.551008224487305,28.674415588378906,8.5,,,,,
pear,a teardrop shaped pear,vivido,0,True,pear,True,True,pear,pear,27.010360717773438,27.010360717773438,,,,,,,
pear,a teardrop shaped pear,vivido,1,True,pear,True,True,pear,pear,19.063949584960938,19.063949584960938,,,,,,,
pear,a teardrop shaped pear,vivido,2,True,pear,True,True,pear,pear,20.539560317993164,20.539560317993164,29.344820022583008,8.640625,,,,,
pear,a teardrop shaped pear,sustitucion,0,False,apple,,,,,,,,,,,,,
pear,a teardrop shaped pear,sustitucion,1,False,apple,,,,,,,,,,,,,
pear,a teardrop shaped pear,sustitucion,2,False,apple,,,,,,,,,,,,,
pear,a teardrop shaped pear,descripcion,0,True,tomato,True,True,pear,pear,20.606643676757812,20.606643676757812,,,,,,,
pear,a teardrop shaped pear,descripcion,1,True,tomato,True,True,pear,pear,20.543935775756836,20.543935775756836,,,,,,,
pear,a teardrop shaped pear,descripcion,2,True,tomato,True,True,pear,pear,22.99915885925293,22.99915885925293,31.30829620361328,8.5,,,,,
pear,a pear with a tapered neck,vivido,0,True,pear,True,True,pear,pear,19.777944564819336,19.777944564819336,,,,,,,
pear,a pear with a tapered neck,vivido,1,True,pear,True,True,pear,pear,18.823270797729492,18.823270797729492,,,,,,,
pear,a pear with a tapered neck,vivido,2,True,pear,True,True,pear,pear,27.115453720092773,27.115453720092773,28.310739517211914,8.640625,,,,,
pear,a pear with a tapered neck,sustitucion,0,False,apple,,,,,,,,,,,,,
pear,a pear with a tapered neck,sustitucion,1,False,apple,,,,,,,,,,,,,
pear,a pear with a tapered neck,sustitucion,2,False,apple,,,,,,,,,,,,,
pear,a pear with a tapered neck,descripcion,0,True,tomato,True,True,pear,pear,21.366880416870117,21.366880416870117,,,,,,,
pear,a pear with a tapered neck,descripcion,1,True,tomato,True,True,pear,pear,21.917306900024414,21.917306900024414,,,,,,,
pear,a pear with a tapered neck,descripcion,2,True,tomato,True,True,pear,pear,18.693838119506836,18.693838119506836,28.005205154418945,8.5,,,,,
pear,a pear hanging on a branch,vivido,0,True,pear,True,True,pear,pear,29.557518005371094,29.557518005371094,,,,,,,
pear,a pear hanging on a branch,vivido,1,True,pear,True,True,pear,pear,19.429718017578125,19.429718017578125,,,,,,,
pear,a pear hanging on a branch,vivido,2,True,pear,True,True,pear,pear,19.4852294921875,19.4852294921875,34.11567306518555,8.640625,,,,,
pear,a pear hanging on a branch,sustitucion,0,False,apple,,,,,,,,,,,,,
pear,a pear hanging on a branch,sustitucion,1,False,apple,,,,,,,,,,,,,
pear,a pear hanging on a branch,sustitucion,2,False,apple,,,,,,,,,,,,,
pear,a pear hanging on a branch,descripcion,0,True,tomato,True,True,pear,pear,23.98589324951172,23.98589324951172,,,,,,,
pear,a pear hanging on a branch,descripcion,1,True,tomato,True,True,pear,pear,21.51053810119629,21.51053810119629,,,,,,,
pear,a pear hanging on a branch,descripcion,2,True,tomato,True,True,pear,pear,22.086593627929688,22.086593627929688,31.93102264404297,8.5,,,,,
pear,a pear with a wide bottom and thin neck,vivido,0,True,pear,True,True,pear,pear,17.127033233642578,17.127033233642578,,,,,,,
pear,a pear with a wide bottom and thin neck,vivido,1,True,pear,True,True,pear,pear,18.906949996948242,18.906949996948242,,,,,,,
pear,a pear with a wide bottom and thin neck,vivido,2,True,pear,True,True,pear,pear,17.965349197387695,17.965349197387695,24.874704360961914,8.640625,,,,,
pear,a pear with a wide bottom and thin neck,sustitucion,0,False,apple,,,,,,,,,,,,,
pear,a pear with a wide bottom and thin neck,sustitucion,1,False,apple,,,,,,,,,,,,,
pear,a pear with a wide bottom and thin neck,sustitucion,2,False,apple,,,,,,,,,,,,,
pear,a pear with a wide bottom and thin neck,descripcion,0,True,tomato,True,True,pear,pear,20.590499877929688,20.590499877929688,,,,,,,
pear,a pear with a wide bottom and thin neck,descripcion,1,True,tomato,True,True,pear,pear,21.25737190246582,21.25737190246582,,,,,,,
pear,a pear with a wide bottom and thin neck,descripcion,2,True,tomato,True,True,pear,pear,21.122142791748047,21.122142791748047,30.240510940551758,8.5,,,,,
pear,a pear sliced in half,vivido,0,True,pear,True,True,pear,pear,18.784425735473633,18.784425735473633,,,,,,,
pear,a pear sliced in half,vivido,1,True,pear,True,True,pear,pear,20.288196563720703,20.288196563720703,,,,,,,
pear,a pear sliced in half,vivido,2,True,pear,True,True,pear,pear,17.23356056213379,17.23356056213379,25.564855575561523,8.640625,,,,,
pear,a pear sliced in half,sustitucion,0,False,apple,,,,,,,,,,,,,
pear,a pear sliced in half,sustitucion,1,False,apple,,,,,,,,,,,,,
pear,a pear sliced in half,sustitucion,2,False,apple,,,,,,,,,,,,,
pear,a pear sliced in half,descripcion,0,True,tomato,True,True,pear,pear,19.568084716796875,19.568084716796875,,,,,,,
pear,a pear sliced in half,descripcion,1,True,tomato,True,True,pear,pear,20.42934799194336,20.42934799194336,,,,,,,
pear,a pear sliced in half,descripcion,2,True,tomato,True,True,pear,pear,19.696794509887695,19.696794509887695,29.01690101623535,8.5,,,,,
pear,a bosc pear with brown skin,vivido,0,True,pear,True,True,pear,pear,16.935871124267578,16.935871124267578,,,,,,,
pear,a bosc pear with brown skin,vivido,1,True,pear,True,True,pear,pear,18.695087432861328,18.695087432861328,,,,,,,
pear,a bosc pear with brown skin,vivido,2,True,pear,True,True,pear,pear,21.78340721130371,21.78340721130371,26.940034866333008,8.25,,,,,
pear,a bosc pear with brown skin,sustitucion,0,True,apple,False,False,apple,apple,47.24968338012695,23.128860473632812,,,,,,,
pear,a bosc pear with brown skin,sustitucion,1,True,apple,False,False,apple,apple,45.742034912109375,24.52014923095703,,,,,,,
pear,a bosc pear with brown skin,sustitucion,2,True,apple,False,False,apple,apple,40.92217254638672,23.88138198852539,33.88621139526367,6.78125,,,,,
pear,a bosc pear with brown skin,descripcion,0,True,tomato,True,True,pear,pear,20.062103271484375,20.062103271484375,,,,,,,
pear,a bosc pear with brown skin,descripcion,1,True,tomato,True,True,pear,pear,22.883129119873047,22.883129119873047,,,,,,,
pear,a bosc pear with brown skin,descripcion,2,True,tomato,True,True,pear,pear,22.30118179321289,22.30118179321289,30.468660354614258,8.5,,,,,
pear,a pear with grainy flesh,vivido,0,True,pear,True,True,pear,pear,17.25677490234375,17.25677490234375,,,,,,,
pear,a pear with grainy flesh,vivido,1,True,pear,True,True,pear,pear,19.054807662963867,19.054807662963867,,,,,,,
pear,a pear with grainy flesh,vivido,2,True,pear,True,True,pear,pear,19.88182258605957,19.88182258605957,24.145185470581055,8.640625,,,,,
pear,a pear with grainy flesh,sustitucion,0,False,apple,,,,,,,,,,,,,
pear,a pear with grainy flesh,sustitucion,1,False,apple,,,,,,,,,,,,,
pear,a pear with grainy flesh,sustitucion,2,False,apple,,,,,,,,,,,,,
pear,a pear with grainy flesh,descripcion,0,True,tomato,True,True,pear,pear,23.378997802734375,23.378997802734375,,,,,,,
pear,a pear with grainy flesh,descripcion,1,True,tomato,True,True,pear,pear,21.52268409729004,21.52268409729004,,,,,,,
pear,a pear with grainy flesh,descripcion,2,True,tomato,True,True,pear,pear,22.932580947875977,22.932580947875977,31.52711296081543,8.5,,,,,
pear,a pear with a long tapered stem,vivido,0,True,pear,True,True,pear,pear,19.45540428161621,19.45540428161621,,,,,,,
pear,a pear with a long tapered stem,vivido,1,True,pear,True,True,pear,pear,17.89817237854004,17.89817237854004,,,,,,,
pear,a pear with a long tapered stem,vivido,2,True,pear,True,True,pear,pear,16.425996780395508,16.425996780395508,26.404680252075195,8.640625,,,,,
pear,a pear with a long tapered stem,sustitucion,0,True,apple,False,False,apple,apple,54.13143539428711,23.843067169189453,,,,,,,
pear,a pear with a long tapered stem,sustitucion,1,True,apple,False,False,apple,apple,54.11496353149414,27.611616134643555,,,,,,,
pear,a pear with a long tapered stem,sustitucion,2,True,apple,False,False,apple,apple,51.612918853759766,25.55156135559082,34.578792572021484,7.046875,,,,,
pear,a pear with a long tapered stem,descripcion,0,True,tomato,True,True,pear,pear,21.436616897583008,21.436616897583008,,,,,,,
pear,a pear with a long tapered stem,descripcion,1,True,tomato,True,True,pear,pear,22.42963218688965,22.42963218688965,,,,,,,
pear,a pear with a long tapered stem,descripcion,2,True,tomato,True,True,pear,pear,19.110219955444336,19.110219955444336,31.342971801757812,8.5,,,,,
pear,a pear with a bell shaped body,vivido,0,True,pear,True,True,pear,pear,18.303329467773438,18.303329467773438,,,,,,,
pear,a pear with a bell shaped body,vivido,1,True,pear,True,True,pear,pear,27.342594146728516,27.342594146728516,,,,,,,
pear,a pear with a bell shaped body,vivido,2,True,pear,True,True,pear,pear,16.510147094726562,16.510147094726562,28.378509521484375,8.640625,,,,,
pear,a pear with a bell shaped body,sustitucion,0,False,apple,,,,,,,,,,,,,
pear,a pear with a bell shaped body,sustitucion,1,False,apple,,,,,,,,,,,,,
pear,a pear with a bell shaped body,sustitucion,2,False,apple,,,,,,,,,,,,,
pear,a pear with a bell shaped body,descripcion,0,True,tomato,True,True,pear,pear,20.18140983581543,20.18140983581543,,,,,,,
pear,a pear with a bell shaped body,descripcion,1,True,tomato,True,True,pear,pear,18.866418838500977,18.866418838500977,,,,,,,
pear,a pear with a bell shaped body,descripcion,2,True,tomato,True,True,pear,pear,21.87885856628418,21.87885856628418,28.703428268432617,8.5,,,,,
pear,a pear with a smooth curved neck,vivido,0,True,pear,True,True,pear,pear,19.85629653930664,19.85629653930664,,,,,,,
pear,a pear with a smooth curved neck,vivido,1,True,pear,True,True,pear,pear,15.900242805480957,15.900242805480957,,,,,,,
pear,a pear with a smooth curved neck,vivido,2,True,pear,True,True,pear,pear,20.82280921936035,20.82280921936035,27.017799377441406,8.640625,,,,,
pear,a pear with a smooth curved neck,sustitucion,0,False,apple,,,,,,,,,,,,,
pear,a pear with a smooth curved neck,sustitucion,1,False,apple,,,,,,,,,,,,,
pear,a pear with a smooth curved neck,sustitucion,2,False,apple,,,,,,,,,,,,,
pear,a pear with a smooth curved neck,descripcion,0,True,tomato,True,True,pear,pear,20.551469802856445,20.551469802856445,,,,,,,
pear,a pear with a smooth curved neck,descripcion,1,True,tomato,True,True,pear,pear,22.601943969726562,22.601943969726562,,,,,,,
pear,a pear with a smooth curved neck,descripcion,2,True,tomato,True,True,pear,pear,23.36253547668457,23.36253547668457,30.81675148010254,8.5,,,,,
pear,a juicy pear with a narrow top and round base,vivido,0,True,pear,True,True,pear,pear,18.382869720458984,18.382869720458984,,,,,,,
pear,a juicy pear with a narrow top and round base,vivido,1,True,pear,True,True,pear,pear,20.5157413482666,20.5157413482666,,,,,,,
pear,a juicy pear with a narrow top and round base,vivido,2,True,pear,True,True,pear,pear,20.711593627929688,20.711593627929688,26.923057556152344,8.640625,,,,,
pear,a juicy pear with a narrow top and round base,sustitucion,0,True,apple,False,False,apple,apple,46.24607849121094,19.30047607421875,,,,,,,
pear,a juicy pear with a narrow top and round base,sustitucion,1,True,apple,False,False,apple,apple,42.572486877441406,18.04173469543457,,,,,,,
pear,a juicy pear with a narrow top and round base,sustitucion,2,True,apple,False,False,apple,apple,48.76744079589844,19.633028030395508,28.620574951171875,7.234375,,,,,
pear,a juicy pear with a narrow top and round base,descripcion,0,True,tomato,True,True,pear,pear,20.02116584777832,20.02116584777832,,,,,,,
pear,a juicy pear with a narrow top and round base,descripcion,1,True,tomato,True,True,pear,pear,22.507617950439453,22.507617950439453,,,,,,,
pear,a juicy pear with a narrow top and round base,descripcion,2,True,tomato,True,True,pear,pear,21.931629180908203,21.931629180908203,32.8913459777832,8.5,,,,,
pear,a pear with a slender neck and round base,vivido,0,True,pear,True,True,pear,pear,19.126562118530273,19.126562118530273,,,,,,,
pear,a pear with a slender neck and round base,vivido,1,True,pear,True,True,pear,pear,19.84012794494629,19.84012794494629,,,,,,,
pear,a pear with a slender neck and round base,vivido,2,True,pear,True,True,pear,pear,16.033998489379883,16.033998489379883,25.97808265686035,8.640625,,,,,
pear,a pear with a slender neck and round base,sustitucion,0,True,apple,False,False,apple,apple,51.325660705566406,23.857881546020508,,,,,,,
pear,a pear with a slender neck and round base,sustitucion,1,True,apple,False,False,apple,apple,44.64595031738281,18.877687454223633,,,,,,,
pear,a pear with a slender neck and round base,sustitucion,2,True,apple,False,False,apple,apple,47.10725784301758,19.681377410888672,28.319063186645508,7.234375,,,,,
pear,a pear with a slender neck and round base,descripcion,0,True,tomato,True,True,pear,pear,23.03036117553711,23.03036117553711,,,,,,,
pear,a pear with a slender neck and round base,descripcion,1,True,tomato,True,True,pear,pear,18.767253875732422,18.767253875732422,,,,,,,
pear,a pear with a slender neck and round base,descripcion,2,True,tomato,True,True,pear,pear,23.245725631713867,23.245725631713867,32.26874923706055,8.5,,,,,
pear,a pear with soft grainy texture,vivido,0,True,pear,True,True,pear,pear,16.82432746887207,16.82432746887207,,,,,,,
pear,a pear with soft grainy texture,vivido,1,True,pear,True,True,pear,pear,17.905048370361328,17.905048370361328,,,,,,,
pear,a pear with soft grainy texture,vivido,2,True,pear,True,True,pear,pear,18.672496795654297,18.672496795654297,22.32715606689453,8.640625,,,,,
pear,a pear with soft grainy texture,sustitucion,0,False,apple,,,,,,,,,,,,,
pear,a pear with soft grainy texture,sustitucion,1,False,apple,,,,,,,,,,,,,
pear,a pear with soft grainy texture,sustitucion,2,False,apple,,,,,,,,,,,,,
pear,a pear with soft grainy texture,descripcion,0,True,tomato,True,True,pear,pear,19.71634864807129,19.71634864807129,,,,,,,
pear,a pear with soft grainy texture,descripcion,1,True,tomato,True,True,pear,pear,22.170072555541992,22.170072555541992,,,,,,,
pear,a pear with soft grainy texture,descripcion,2,True,tomato,True,True,pear,pear,22.71970558166504,22.71970558166504,29.72226905822754,8.5,,,,,
pear,a pear shaped like a bell,vivido,0,True,pear,True,True,pear,pear,20.094318389892578,20.094318389892578,,,,,,,
pear,a pear shaped like a bell,vivido,1,True,pear,True,True,pear,pear,17.537294387817383,17.537294387817383,,,,,,,
pear,a pear shaped like a bell,vivido,2,True,pear,True,True,pear,pear,20.319454193115234,20.319454193115234,26.70342254638672,8.640625,,,,,
pear,a pear shaped like a bell,sustitucion,0,False,apple,,,,,,,,,,,,,
pear,a pear shaped like a bell,sustitucion,1,False,apple,,,,,,,,,,,,,
pear,a pear shaped like a bell,sustitucion,2,False,apple,,,,,,,,,,,,,
pear,a pear shaped like a bell,descripcion,0,True,tomato,True,True,pear,pear,21.0030517578125,21.0030517578125,,,,,,,
pear,a pear shaped like a bell,descripcion,1,True,tomato,True,True,pear,pear,23.65016746520996,23.65016746520996,,,,,,,
pear,a pear shaped like a bell,descripcion,2,True,tomato,True,True,pear,pear,21.68647575378418,21.68647575378418,30.633935928344727,8.5,,,,,
pear,a pear with a distinct narrow neck,vivido,0,True,pear,True,True,pear,pear,18.941408157348633,18.941408157348633,,,,,,,
pear,a pear with a distinct narrow neck,vivido,1,True,pear,True,True,pear,pear,21.621177673339844,21.621177673339844,,,,,,,
pear,a pear with a distinct narrow neck,vivido,2,True,pear,True,True,pear,pear,17.593809127807617,17.593809127807617,27.830429077148438,8.640625,,,,,
pear,a pear with a distinct narrow neck,sustitucion,0,False,apple,,,,,,,,,,,,,
pear,a pear with a distinct narrow neck,sustitucion,1,False,apple,,,,,,,,,,,,,
pear,a pear with a distinct narrow neck,sustitucion,2,False,apple,,,,,,,,,,,,,
pear,a pear with a distinct narrow neck,descripcion,0,True,tomato,True,True,pear,pear,22.474634170532227,22.474634170532227,,,,,,,
pear,a pear with a distinct narrow neck,descripcion,1,True,tomato,True,True,pear,pear,19.48404884338379,19.48404884338379,,,,,,,
pear,a pear with a distinct narrow neck,descripcion,2,True,tomato,True,True,pear,pear,23.191864013671875,23.191864013671875,29.80949592590332,8.5,,,,,
pear,a pear cut open showing seeds,vivido,0,True,pear,True,True,pear,pear,21.263961791992188,21.263961791992188,,,,,,,
pear,a pear cut open showing seeds,vivido,1,True,pear,True,True,pear,pear,19.264493942260742,19.264493942260742,,,,,,,
pear,a pear cut open showing seeds,vivido,2,True,pear,True,True,pear,pear,19.292720794677734,19.292720794677734,28.084218978881836,8.640625,,,,,
pear,a pear cut open showing seeds,sustitucion,0,True,apple,False,False,apple,apple,44.87332534790039,26.73110008239746,,,,,,,
pear,a pear cut open showing seeds,sustitucion,1,True,apple,False,False,apple,apple,49.39030456542969,23.132986068725586,,,,,,,
pear,a pear cut open showing seeds,sustitucion,2,True,apple,False,False,apple,apple,46.19537353515625,24.068241119384766,38.45100021362305,7.3125,,,,,
pear,a pear cut open showing seeds,descripcion,0,True,tomato,True,True,pear,pear,21.38292121887207,21.38292121887207,,,,,,,
pear,a pear cut open showing seeds,descripcion,1,True,tomato,True,True,pear,pear,23.143957138061523,23.143957138061523,,,,,,,
pear,a pear cut open showing seeds,descripcion,2,True,tomato,True,True,pear,pear,20.651037216186523,20.651037216186523,32.0299072265625,8.5,,,,,
pear,__ruteo__,ruteo,0,,,,,,,,,,,53,19,34,0,"{""vivido"": {""entre_consultas"": 28.202821731567383, ""dentro_consulta"": 27.51117605912058, ""F_dependencia"": 1.6428372549019608}, ""sustitucion"": {""entre_consultas"": 34.73554229736328, ""dentro_consulta"": 32.281286557515465, ""F_dependencia"": 1.5479890304861117}, ""descripcion"": {""entre_consultas"": 30.178722381591797, ""dentro_consulta"": 30.511139116789167, ""F_dependencia"": 1.395027021229771}}"
tomato,a round red salad vegetable,vivido,0,True,tomato,True,True,tomato,tomato,20.23152732849121,20.23152732849121,,,,,,,
tomato,a round red salad vegetable,vivido,1,True,tomato,True,True,tomato,tomato,19.155149459838867,19.155149459838867,,,,,,,
tomato,a round red salad vegetable,vivido,2,True,tomato,True,True,tomato,tomato,21.10880470275879,21.10880470275879,29.065025329589844,6.828125,,,,,
tomato,a round red salad vegetable,sustitucion,0,True,apple,False,False,apple,apple,63.860626220703125,22.70408058166504,,,,,,,
tomato,a round red salad vegetable,sustitucion,1,True,apple,False,False,apple,apple,51.01799011230469,18.341691970825195,,,,,,,
tomato,a round red salad vegetable,sustitucion,2,True,apple,False,False,apple,apple,56.67543411254883,19.035232543945312,31.61293601989746,7.234375,,,,,
tomato,a round red salad vegetable,descripcion,0,True,apple,True,True,tomato,tomato,20.878719329833984,20.878719329833984,,,,,,,
tomato,a round red salad vegetable,descripcion,1,True,apple,True,True,tomato,tomato,23.24224853515625,23.24224853515625,,,,,,,
tomato,a round red salad vegetable,descripcion,2,True,apple,True,True,tomato,tomato,22.343059539794922,22.343059539794922,29.27349090576172,7.78125,,,,,
tomato,red juicy tomato fruit,vivido,0,True,tomato,True,True,tomato,tomato,21.355669021606445,21.355669021606445,,,,,,,
tomato,red juicy tomato fruit,vivido,1,True,tomato,True,True,tomato,tomato,17.756620407104492,17.756620407104492,,,,,,,
tomato,red juicy tomato fruit,vivido,2,True,tomato,True,True,tomato,tomato,18.768634796142578,18.768634796142578,28.519515991210938,6.828125,,,,,
tomato,red juicy tomato fruit,sustitucion,0,True,apple,False,False,apple,apple,63.63881301879883,25.811443328857422,,,,,,,
tomato,red juicy tomato fruit,sustitucion,1,True,apple,False,False,apple,apple,57.325401306152344,23.476694107055664,,,,,,,
tomato,red juicy tomato fruit,sustitucion,2,True,apple,False,False,apple,apple,59.154903411865234,23.219449996948242,35.64713668823242,8.96875,,,,,
tomato,red juicy tomato fruit,descripcion,0,True,apple,True,True,tomato,tomato,20.61951446533203,20.61951446533203,,,,,,,
tomato,red juicy tomato fruit,descripcion,1,True,apple,True,True,tomato,tomato,21.847270965576172,21.847270965576172,,,,,,,
tomato,red juicy tomato fruit,descripcion,2,True,apple,True,True,tomato,tomato,18.093332290649414,18.093332290649414,26.92266082763672,7.78125,,,,,
tomato,a red herb garden vegetable,vivido,0,True,tomato,True,True,tomato,tomato,18.84884262084961,18.84884262084961,,,,,,,
tomato,a red herb garden vegetable,vivido,1,True,tomato,True,True,tomato,tomato,21.669727325439453,21.669727325439453,,,,,,,
tomato,a red herb garden vegetable,vivido,2,True,tomato,True,True,tomato,tomato,21.15434455871582,21.15434455871582,27.819143295288086,6.828125,,,,,
tomato,a red herb garden vegetable,sustitucion,0,True,apple,False,False,apple,apple,55.761775970458984,23.090667724609375,,,,,,,
tomato,a red herb garden vegetable,sustitucion,1,True,apple,False,False,apple,apple,57.72597122192383,22.394641876220703,,,,,,,
tomato,a red herb garden vegetable,sustitucion,2,True,apple,False,False,apple,apple,59.7598762512207,20.938234329223633,30.47861671447754,8.96875,,,,,
tomato,a red herb garden vegetable,descripcion,0,True,apple,True,True,tomato,tomato,20.587112426757812,20.587112426757812,,,,,,,
tomato,a red herb garden vegetable,descripcion,1,True,apple,True,True,tomato,tomato,20.96890640258789,20.96890640258789,,,,,,,
tomato,a red herb garden vegetable,descripcion,2,True,apple,True,True,tomato,tomato,21.10059356689453,21.10059356689453,26.932220458984375,7.78125,,,,,
tomato,round red fruit used in salad,vivido,0,True,tomato,True,True,tomato,tomato,20.467979431152344,20.467979431152344,,,,,,,
tomato,round red fruit used in salad,vivido,1,True,tomato,True,True,tomato,tomato,19.942716598510742,19.942716598510742,,,,,,,
tomato,round red fruit used in salad,vivido,2,True,tomato,True,True,tomato,tomato,19.985637664794922,19.985637664794922,28.068540573120117,6.828125,,,,,
tomato,round red fruit used in salad,sustitucion,0,True,apple,False,False,apple,apple,51.45916748046875,16.88231658935547,,,,,,,
tomato,round red fruit used in salad,sustitucion,1,True,apple,False,False,apple,apple,55.19239807128906,21.814380645751953,,,,,,,
tomato,round red fruit used in salad,sustitucion,2,True,apple,False,False,apple,apple,56.73883819580078,20.051374435424805,28.1981201171875,7.234375,,,,,
tomato,round red fruit used in salad,descripcion,0,True,apple,True,True,tomato,tomato,17.481101989746094,17.481101989746094,,,,,,,
tomato,round red fruit used in salad,descripcion,1,True,apple,True,True,tomato,tomato,20.546871185302734,20.546871185302734,,,,,,,
tomato,round red fruit used in salad,descripcion,2,True,apple,True,True,tomato,tomato,20.493022918701172,20.493022918701172,26.4249267578125,7.78125,,,,,
tomato,a red vegetable used for sauce,vivido,0,True,tomato,True,True,tomato,tomato,19.323562622070312,19.323562622070312,,,,,,,
tomato,a red vegetable used for sauce,vivido,1,True,tomato,True,True,tomato,tomato,19.363283157348633,19.363283157348633,,,,,,,
tomato,a red vegetable used for sauce,vivido,2,True,tomato,True,True,tomato,tomato,22.34587860107422,22.34587860107422,27.84349822998047,6.828125,,,,,
tomato,a red vegetable used for sauce,sustitucion,0,True,apple,False,False,apple,apple,60.663673400878906,18.185699462890625,,,,,,,
tomato,a red vegetable used for sauce,sustitucion,1,True,apple,False,False,apple,apple,53.2128791809082,19.067241668701172,,,,,,,
tomato,a red vegetable used for sauce,sustitucion,2,True,apple,False,False,apple,apple,55.071937561035156,22.381561279296875,27.38347816467285,8.96875,,,,,
tomato,a red vegetable used for sauce,descripcion,0,True,apple,True,True,tomato,tomato,18.447458267211914,18.447458267211914,,,,,,,
tomato,a red vegetable used for sauce,descripcion,1,True,apple,True,True,tomato,tomato,19.454673767089844,19.454673767089844,,,,,,,
tomato,a red vegetable used for sauce,descripcion,2,True,apple,True,True,tomato,tomato,17.66752052307129,17.66752052307129,26.874826431274414,7.78125,,,,,
tomato,round juicy red produce,vivido,0,True,tomato,True,True,tomato,tomato,22.26183319091797,22.26183319091797,,,,,,,
tomato,round juicy red produce,vivido,1,True,tomato,True,True,tomato,tomato,21.08697509765625,21.08697509765625,,,,,,,
tomato,round juicy red produce,vivido,2,True,tomato,True,True,tomato,tomato,20.183124542236328,20.183124542236328,29.594892501831055,6.828125,,,,,
tomato,round juicy red produce,sustitucion,0,True,apple,False,False,apple,apple,50.184383392333984,18.984647750854492,,,,,,,
tomato,round juicy red produce,sustitucion,1,True,apple,False,False,apple,apple,60.36740493774414,19.117746353149414,,,,,,,
tomato,round juicy red produce,sustitucion,2,True,apple,False,False,apple,apple,50.96956253051758,16.303281784057617,29.24384117126465,7.234375,,,,,
tomato,round juicy red produce,descripcion,0,True,apple,True,True,tomato,tomato,18.391788482666016,18.391788482666016,,,,,,,
tomato,round juicy red produce,descripcion,1,True,apple,True,True,tomato,tomato,21.068574905395508,21.068574905395508,,,,,,,
tomato,round juicy red produce,descripcion,2,True,apple,True,True,tomato,tomato,18.988367080688477,18.988367080688477,25.498266220092773,7.78125,,,,,
tomato,red fruit often called a vegetable,vivido,0,True,tomato,True,True,tomato,tomato,22.308818817138672,22.308818817138672,,,,,,,
tomato,red fruit often called a vegetable,vivido,1,True,tomato,True,True,tomato,tomato,20.512218475341797,20.512218475341797,,,,,,,
tomato,red fruit often called a vegetable,vivido,2,True,tomato,True,True,tomato,tomato,20.207229614257812,20.207229614257812,30.5718936920166,6.828125,,,,,
tomato,red fruit often called a vegetable,sustitucion,0,True,apple,False,False,apple,apple,61.657379150390625,25.3601016998291,,,,,,,
tomato,red fruit often called a vegetable,sustitucion,1,True,apple,False,False,apple,apple,53.94480514526367,20.957082748413086,,,,,,,
tomato,red fruit often called a vegetable,sustitucion,2,True,apple,False,False,apple,apple,53.01530456542969,19.605209350585938,31.469663619995117,8.96875,,,,,
tomato,red fruit often called a vegetable,descripcion,0,True,apple,True,True,tomato,tomato,18.800302505493164,18.800302505493164,,,,,,,
tomato,red fruit often called a vegetable,descripcion,1,True,apple,True,True,tomato,tomato,21.799236297607422,21.799236297607422,,,,,,,
tomato,red fruit often called a vegetable,descripcion,2,True,apple,True,True,tomato,tomato,19.350372314453125,19.350372314453125,25.27363395690918,7.78125,,,,,
tomato,a salad vegetable that is red,vivido,0,True,tomato,True,True,tomato,tomato,23.39223861694336,23.39223861694336,,,,,,,
tomato,a salad vegetable that is red,vivido,1,True,tomato,True,True,tomato,tomato,22.117528915405273,22.117528915405273,,,,,,,
tomato,a salad vegetable that is red,vivido,2,True,tomato,True,True,tomato,tomato,20.72350311279297,20.72350311279297,32.14010238647461,6.734375,,,,,
tomato,a salad vegetable that is red,sustitucion,0,True,apple,False,False,apple,apple,54.01886749267578,17.544254302978516,,,,,,,
tomato,a salad vegetable that is red,sustitucion,1,True,apple,False,False,apple,apple,63.327545166015625,21.376705169677734,,,,,,,
tomato,a salad vegetable that is red,sustitucion,2,True,apple,False,False,apple,apple,57.42220687866211,26.531002044677734,31.863510131835938,8.96875,,,,,
tomato,a salad vegetable that is red,descripcion,0,True,apple,True,True,tomato,tomato,22.002294540405273,22.002294540405273,,,,,,,
tomato,a salad vegetable that is red,descripcion,1,True,apple,True,True,tomato,tomato,20.70332908630371,20.70332908630371,,,,,,,
tomato,a salad vegetable that is red,descripcion,2,True,apple,True,True,tomato,tomato,21.71858787536621,21.71858787536621,29.96428680419922,7.78125,,,,,
tomato,juicy red produce from the garden,vivido,0,True,tomato,True,True,tomato,tomato,20.991609573364258,20.991609573364258,,,,,,,
tomato,juicy red produce from the garden,vivido,1,True,tomato,True,True,tomato,tomato,21.48783302307129,21.48783302307129,,,,,,,
tomato,juicy red produce from the garden,vivido,2,True,tomato,True,True,tomato,tomato,18.957054138183594,18.957054138183594,30.17643165588379,6.828125,,,,,
tomato,juicy red produce from the garden,sustitucion,0,True,apple,False,False,apple,apple,57.596412658691406,24.52008819580078,,,,,,,
tomato,juicy red produce from the garden,sustitucion,1,True,apple,False,False,apple,apple,62.01608657836914,21.558839797973633,,,,,,,
tomato,juicy red produce from the garden,sustitucion,2,True,apple,False,False,apple,apple,53.1363639831543,24.06916046142578,34.412593841552734,8.96875,,,,,
tomato,juicy red produce from the garden,descripcion,0,True,apple,True,True,tomato,tomato,20.137693405151367,20.137693405151367,,,,,,,
tomato,juicy red produce from the garden,descripcion,1,True,apple,True,True,tomato,tomato,24.123743057250977,24.123743057250977,,,,,,,
tomato,juicy red produce from the garden,descripcion,2,True,apple,True,True,tomato,tomato,20.10919189453125,20.10919189453125,31.458913803100586,7.78125,,,,,
tomato,red fruit used in ketchup,vivido,0,True,tomato,True,True,tomato,tomato,18.583297729492188,18.583297729492188,,,,,,,
tomato,red fruit used in ketchup,vivido,1,True,tomato,True,True,tomato,tomato,18.078323364257812,18.078323364257812,,,,,,,
tomato,red fruit used in ketchup,vivido,2,True,tomato,True,True,tomato,tomato,18.353971481323242,18.353971481323242,25.142471313476562,6.828125,,,,,
tomato,red fruit used in ketchup,sustitucion,0,True,apple,False,False,apple,apple,57.27618408203125,20.659645080566406,,,,,,,
tomato,red fruit used in ketchup,sustitucion,1,True,apple,False,False,apple,apple,58.30287551879883,19.663116455078125,,,,,,,
tomato,red fruit used in ketchup,sustitucion,2,True,apple,False,False,apple,apple,57.69401550292969,23.871366500854492,27.255189895629883,8.96875,,,,,
tomato,red fruit used in ketchup,descripcion,0,True,apple,True,True,tomato,tomato,19.551586151123047,19.551586151123047,,,,,,,
tomato,red fruit used in ketchup,descripcion,1,True,apple,True,True,tomato,tomato,22.574962615966797,22.574962615966797,,,,,,,
tomato,red fruit used in ketchup,descripcion,2,True,apple,True,True,tomato,tomato,18.23626136779785,18.23626136779785,29.80245018005371,7.78125,,,,,
tomato,red vegetable used in sauces,vivido,0,True,tomato,True,True,tomato,tomato,20.61768913269043,20.61768913269043,,,,,,,
tomato,red vegetable used in sauces,vivido,1,True,tomato,True,True,tomato,tomato,20.40715789794922,20.40715789794922,,,,,,,
tomato,red vegetable used in sauces,vivido,2,True,tomato,True,True,tomato,tomato,21.1779727935791,21.1779727935791,29.334083557128906,6.828125,,,,,
tomato,red vegetable used in sauces,sustitucion,0,True,apple,False,False,apple,apple,54.442501068115234,17.462055206298828,,,,,,,
tomato,red vegetable used in sauces,sustitucion,1,True,apple,False,False,apple,apple,48.322723388671875,19.549571990966797,,,,,,,
tomato,red vegetable used in sauces,sustitucion,2,True,apple,False,False,apple,apple,56.71433639526367,21.000505447387695,30.10804557800293,8.96875,,,,,
tomato,red vegetable used in sauces,descripcion,0,True,apple,True,True,tomato,tomato,18.36798095703125,18.36798095703125,,,,,,,
tomato,red vegetable used in sauces,descripcion,1,True,apple,True,True,tomato,tomato,15.920251846313477,15.920251846313477,,,,,,,
tomato,red vegetable used in sauces,descripcion,2,True,apple,True,True,tomato,tomato,20.50118637084961,20.50118637084961,25.68479347229004,7.78125,,,,,
tomato,a juicy red salad fruit,vivido,0,True,tomato,True,True,tomato,tomato,21.371597290039062,21.371597290039062,,,,,,,
tomato,a juicy red salad fruit,vivido,1,True,tomato,True,True,tomato,tomato,23.219362258911133,23.219362258911133,,,,,,,
tomato,a juicy red salad fruit,vivido,2,True,tomato,True,True,tomato,tomato,20.130245208740234,20.130245208740234,28.9234561920166,6.828125,,,,,
tomato,a juicy red salad fruit,sustitucion,0,True,apple,False,False,apple,apple,58.5231819152832,22.20541000366211,,,,,,,
tomato,a juicy red salad fruit,sustitucion,1,True,apple,False,False,apple,apple,57.88019561767578,23.59714126586914,,,,,,,
tomato,a juicy red salad fruit,sustitucion,2,True,apple,False,False,apple,apple,53.791717529296875,17.052202224731445,28.914915084838867,8.96875,,,,,
tomato,a juicy red salad fruit,descripcion,0,True,apple,True,True,tomato,tomato,21.7796688079834,21.7796688079834,,,,,,,
tomato,a juicy red salad fruit,descripcion,1,True,apple,True,True,tomato,tomato,20.505922317504883,20.505922317504883,,,,,,,
tomato,a juicy red salad fruit,descripcion,2,True,apple,True,True,tomato,tomato,22.84332275390625,22.84332275390625,30.3893985748291,7.78125,,,,,
tomato,a red fruit often eaten in salads,vivido,0,True,tomato,True,True,tomato,tomato,20.217714309692383,20.217714309692383,,,,,,,
tomato,a red fruit often eaten in salads,vivido,1,True,tomato,True,True,tomato,tomato,19.700828552246094,19.700828552246094,,,,,,,
tomato,a red fruit often eaten in salads,vivido,2,True,tomato,True,True,tomato,tomato,20.539072036743164,20.539072036743164,29.020004272460938,6.828125,,,,,
tomato,a red fruit often eaten in salads,sustitucion,0,True,apple,False,False,apple,apple,54.4429817199707,19.887075424194336,,,,,,,
tomato,a red fruit often eaten in salads,sustitucion,1,True,apple,False,False,apple,apple,57.15354537963867,20.786224365234375,,,,,,,
tomato,a red fruit often eaten in salads,sustitucion,2,True,apple,False,False,apple,apple,54.264854431152344,18.331830978393555,25.291154861450195,8.96875,,,,,
tomato,a red fruit often eaten in salads,descripcion,0,True,apple,True,True,tomato,tomato,21.748748779296875,21.748748779296875,,,,,,,
tomato,a red fruit often eaten in salads,descripcion,1,True,apple,True,True,tomato,tomato,21.593589782714844,21.593589782714844,,,,,,,
tomato,a red fruit often eaten in salads,descripcion,2,True,apple,True,True,tomato,tomato,19.479190826416016,19.479190826416016,30.225807189941406,7.78125,,,,,
tomato,herb garden red round produce,vivido,0,True,tomato,True,True,tomato,tomato,24.04536247253418,24.04536247253418,,,,,,,
tomato,herb garden red round produce,vivido,1,True,tomato,True,True,tomato,tomato,24.35317611694336,24.35317611694336,,,,,,,
tomato,herb garden red round produce,vivido,2,True,tomato,True,True,tomato,tomato,22.269073486328125,22.269073486328125,33.11973190307617,6.984375,,,,,
tomato,herb garden red round produce,sustitucion,0,True,apple,False,False,apple,apple,50.881103515625,21.101078033447266,,,,,,,
tomato,herb garden red round produce,sustitucion,1,True,apple,False,False,apple,apple,62.29770278930664,22.253522872924805,,,,,,,
tomato,herb garden red round produce,sustitucion,2,True,apple,False,False,apple,apple,55.14080810546875,16.947057723999023,29.93317413330078,8.96875,,,,,
tomato,herb garden red round produce,descripcion,0,True,apple,True,True,tomato,tomato,19.809921264648438,19.809921264648438,,,,,,,
tomato,herb garden red round produce,descripcion,1,True,apple,True,True,tomato,tomato,21.423381805419922,21.423381805419922,,,,,,,
tomato,herb garden red round produce,descripcion,2,True,apple,True,True,tomato,tomato,19.538087844848633,19.538087844848633,28.484163284301758,7.78125,,,,,
tomato,red fruit used for pasta sauce,vivido,0,True,tomato,True,True,tomato,tomato,22.77824592590332,22.77824592590332,,,,,,,
tomato,red fruit used for pasta sauce,vivido,1,True,tomato,True,True,tomato,tomato,17.768346786499023,17.768346786499023,,,,,,,
tomato,red fruit used for pasta sauce,vivido,2,True,tomato,True,True,tomato,tomato,21.319231033325195,21.319231033325195,29.74839210510254,6.828125,,,,,
tomato,red fruit used for pasta sauce,sustitucion,0,True,apple,False,False,apple,apple,54.78315353393555,21.86020851135254,,,,,,,
tomato,red fruit used for pasta sauce,sustitucion,1,True,apple,False,False,apple,apple,62.35703659057617,21.83584976196289,,,,,,,
tomato,red fruit used for pasta sauce,sustitucion,2,True,apple,False,False,apple,apple,59.04601287841797,20.172908782958984,32.9654655456543,8.96875,,,,,
tomato,red fruit used for pasta sauce,descripcion,0,True,apple,True,True,tomato,tomato,19.671628952026367,19.671628952026367,,,,,,,
tomato,red fruit used for pasta sauce,descripcion,1,True,apple,True,True,tomato,tomato,21.82538414001465,21.82538414001465,,,,,,,
tomato,red fruit used for pasta sauce,descripcion,2,True,apple,True,True,tomato,tomato,20.661231994628906,20.661231994628906,27.41986083984375,7.78125,,,,,
tomato,a ripe red tomato,vivido,0,True,tomato,True,True,tomato,tomato,21.07219696044922,21.07219696044922,,,,,,,
tomato,a ripe red tomato,vivido,1,True,tomato,True,True,tomato,tomato,19.428630828857422,19.428630828857422,,,,,,,
tomato,a ripe red tomato,vivido,2,True,tomato,True,True,tomato,tomato,23.53692054748535,23.53692054748535,32.4760627746582,6.828125,,,,,
tomato,a ripe red tomato,sustitucion,0,True,apple,False,False,apple,apple,48.85595703125,21.613319396972656,,,,,,,
tomato,a ripe red tomato,sustitucion,1,True,apple,False,False,apple,apple,60.15269088745117,26.400188446044922,,,,,,,
tomato,a ripe red tomato,sustitucion,2,True,apple,False,False,apple,apple,63.9014892578125,27.99132537841797,37.79727554321289,8.96875,,,,,
tomato,a ripe red tomato,descripcion,0,True,apple,True,True,tomato,tomato,18.52774429321289,18.52774429321289,,,,,,,
tomato,a ripe red tomato,descripcion,1,True,apple,True,True,tomato,tomato,21.516292572021484,21.516292572021484,,,,,,,
tomato,a ripe red tomato,descripcion,2,True,apple,True,True,tomato,tomato,21.317914962768555,21.317914962768555,26.43364715576172,7.78125,,,,,
tomato,a tomato on the vine,vivido,0,True,tomato,True,True,tomato,tomato,17.303720474243164,17.303720474243164,,,,,,,
tomato,a tomato on the vine,vivido,1,True,tomato,True,True,tomato,tomato,18.73162841796875,18.73162841796875,,,,,,,
tomato,a tomato on the vine,vivido,2,True,tomato,True,True,tomato,tomato,15.484745025634766,15.484745025634766,24.496984481811523,8.03125,,,,,
tomato,a tomato on the vine,sustitucion,0,False,apple,,,,,,,,,,,,,
tomato,a tomato on the vine,sustitucion,1,False,apple,,,,,,,,,,,,,
tomato,a tomato on the vine,sustitucion,2,False,apple,,,,,,,,,,,,,
tomato,a tomato on the vine,descripcion,0,True,apple,True,True,tomato,tomato,20.258886337280273,20.258886337280273,,,,,,,
tomato,a tomato on the vine,descripcion,1,True,apple,True,True,tomato,tomato,21.761810302734375,21.761810302734375,,,,,,,
tomato,a tomato on the vine,descripcion,2,True,apple,True,True,tomato,tomato,20.023571014404297,20.023571014404297,28.94449806213379,7.78125,,,,,
tomato,a plump salad tomato,vivido,0,True,tomato,True,True,tomato,tomato,18.484756469726562,18.484756469726562,,,,,,,
tomato,a plump salad tomato,vivido,1,True,tomato,True,True,tomato,tomato,20.517292022705078,20.517292022705078,,,,,,,
tomato,a plump salad tomato,vivido,2,True,tomato,True,True,tomato,tomato,16.885622024536133,16.885622024536133,27.85346031188965,8.03125,,,,,
tomato,a plump salad tomato,sustitucion,0,False,apple,,,,,,,,,,,,,
tomato,a plump salad tomato,sustitucion,1,False,apple,,,,,,,,,,,,,
tomato,a plump salad tomato,sustitucion,2,False,apple,,,,,,,,,,,,,
tomato,a plump salad tomato,descripcion,0,True,apple,True,True,tomato,tomato,20.444326400756836,20.444326400756836,,,,,,,
tomato,a plump salad tomato,descripcion,1,True,apple,True,True,tomato,tomato,19.28534507751465,19.28534507751465,,,,,,,
tomato,a plump salad tomato,descripcion,2,True,apple,True,True,tomato,tomato,20.319644927978516,20.319644927978516,26.582260131835938,7.78125,,,,,
tomato,a tomato vegetable,vivido,0,True,tomato,True,True,tomato,tomato,18.708335876464844,18.708335876464844,,,,,,,
tomato,a tomato vegetable,vivido,1,True,tomato,True,True,tomato,tomato,16.23969078063965,16.23969078063965,,,,,,,
tomato,a tomato vegetable,vivido,2,True,tomato,True,True,tomato,tomato,17.205934524536133,17.205934524536133,23.94062042236328,8.03125,,,,,
tomato,a tomato vegetable,sustitucion,0,False,apple,,,,,,,,,,,,,
tomato,a tomato vegetable,sustitucion,1,False,apple,,,,,,,,,,,,,
tomato,a tomato vegetable,sustitucion,2,False,apple,,,,,,,,,,,,,
tomato,a tomato vegetable,descripcion,0,True,apple,True,True,tomato,tomato,22.99976348876953,22.99976348876953,,,,,,,
tomato,a tomato vegetable,descripcion,1,True,apple,True,True,tomato,tomato,20.59049415588379,20.59049415588379,,,,,,,
tomato,a tomato vegetable,descripcion,2,True,apple,True,True,tomato,tomato,19.907196044921875,19.907196044921875,28.98756980895996,7.78125,,,,,
tomato,a juicy tomato,vivido,0,True,tomato,True,True,tomato,tomato,18.46725845336914,18.46725845336914,,,,,,,
tomato,a juicy tomato,vivido,1,True,tomato,True,True,tomato,tomato,16.694807052612305,16.694807052612305,,,,,,,
tomato,a juicy tomato,vivido,2,True,tomato,True,True,tomato,tomato,18.560373306274414,18.560373306274414,26.3590145111084,8.03125,,,,,
tomato,a juicy tomato,sustitucion,0,False,apple,,,,,,,,,,,,,
tomato,a juicy tomato,sustitucion,1,False,apple,,,,,,,,,,,,,
tomato,a juicy tomato,sustitucion,2,False,apple,,,,,,,,,,,,,
tomato,a juicy tomato,descripcion,0,True,apple,True,True,tomato,tomato,18.980064392089844,18.980064392089844,,,,,,,
tomato,a juicy tomato,descripcion,1,True,apple,True,True,tomato,tomato,20.6129150390625,20.6129150390625,,,,,,,
tomato,a juicy tomato,descripcion,2,True,apple,True,True,tomato,tomato,20.372987747192383,20.372987747192383,27.4433650970459,7.78125,,,,,
tomato,a garden tomato,vivido,0,True,tomato,True,True,tomato,tomato,16.898412704467773,16.898412704467773,,,,,,,
tomato,a garden tomato,vivido,1,True,tomato,True,True,tomato,tomato,20.484689712524414,20.484689712524414,,,,,,,
tomato,a garden tomato,vivido,2,True,tomato,True,True,tomato,tomato,20.035808563232422,20.035808563232422,28.319427490234375,8.03125,,,,,
tomato,a garden tomato,sustitucion,0,False,apple,,,,,,,,,,,,,
tomato,a garden tomato,sustitucion,1,False,apple,,,,,,,,,,,,,
tomato,a garden tomato,sustitucion,2,False,apple,,,,,,,,,,,,,
tomato,a garden tomato,descripcion,0,True,apple,True,True,tomato,tomato,22.46713638305664,22.46713638305664,,,,,,,
tomato,a garden tomato,descripcion,1,True,apple,True,True,tomato,tomato,18.146398544311523,18.146398544311523,,,,,,,
tomato,a garden tomato,descripcion,2,True,apple,True,True,tomato,tomato,22.08026123046875,22.08026123046875,29.834701538085938,7.78125,,,,,
tomato,a tomato growing on the vine,vivido,0,True,tomato,True,True,tomato,tomato,14.538278579711914,14.538278579711914,,,,,,,
tomato,a tomato growing on the vine,vivido,1,True,tomato,True,True,tomato,tomato,17.279518127441406,17.279518127441406,,,,,,,
tomato,a tomato growing on the vine,vivido,2,True,tomato,True,True,tomato,tomato,14.999716758728027,14.999716758728027,24.5635929107666,8.03125,,,,,
tomato,a tomato growing on the vine,sustitucion,0,False,apple,,,,,,,,,,,,,
tomato,a tomato growing on the vine,sustitucion,1,False,apple,,,,,,,,,,,,,
tomato,a tomato growing on the vine,sustitucion,2,False,apple,,,,,,,,,,,,,
tomato,a tomato growing on the vine,descripcion,0,True,apple,True,True,tomato,tomato,22.088069915771484,22.088069915771484,,,,,,,
tomato,a tomato growing on the vine,descripcion,1,True,apple,True,True,tomato,tomato,18.771753311157227,18.771753311157227,,,,,,,
tomato,a tomato growing on the vine,descripcion,2,True,apple,True,True,tomato,tomato,16.481271743774414,16.481271743774414,25.969175338745117,7.78125,,,,,
tomato,a tomato plant in the garden,vivido,0,True,tomato,True,True,tomato,tomato,16.673185348510742,16.673185348510742,,,,,,,
tomato,a tomato plant in the garden,vivido,1,True,tomato,True,True,tomato,tomato,27.536457061767578,27.536457061767578,,,,,,,
tomato,a tomato plant in the garden,vivido,2,True,tomato,True,True,tomato,tomato,15.72854995727539,15.72854995727539,28.976160049438477,8.03125,,,,,
tomato,a tomato plant in the garden,sustitucion,0,False,apple,,,,,,,,,,,,,
tomato,a tomato plant in the garden,sustitucion,1,False,apple,,,,,,,,,,,,,
tomato,a tomato plant in the garden,sustitucion,2,False,apple,,,,,,,,,,,,,
tomato,a tomato plant in the garden,descripcion,0,True,apple,True,True,tomato,tomato,21.634883880615234,21.634883880615234,,,,,,,
tomato,a tomato plant in the garden,descripcion,1,True,apple,True,True,tomato,tomato,22.176191329956055,22.176191329956055,,,,,,,
tomato,a tomato plant in the garden,descripcion,2,True,apple,True,True,tomato,tomato,19.825088500976562,19.825088500976562,29.784210205078125,7.78125,,,,,
tomato,a plump ripe tomato,vivido,0,True,tomato,True,True,tomato,tomato,17.875394821166992,17.875394821166992,,,,,,,
tomato,a plump ripe tomato,vivido,1,True,tomato,True,True,tomato,tomato,17.200355529785156,17.200355529785156,,,,,,,
tomato,a plump ripe tomato,vivido,2,True,tomato,True,True,tomato,tomato,25.043893814086914,25.043893814086914,27.18629264831543,8.03125,,,,,
tomato,a plump ripe tomato,sustitucion,0,False,apple,,,,,,,,,,,,,
tomato,a plump ripe tomato,sustitucion,1,False,apple,,,,,,,,,,,,,
tomato,a plump ripe tomato,sustitucion,2,False,apple,,,,,,,,,,,,,
tomato,a plump ripe tomato,descripcion,0,True,apple,True,True,tomato,tomato,21.41195297241211,21.41195297241211,,,,,,,
tomato,a plump ripe tomato,descripcion,1,True,apple,True,True,tomato,tomato,22.570178985595703,22.570178985595703,,,,,,,
tomato,a plump ripe tomato,descripcion,2,True,apple,True,True,tomato,tomato,21.016136169433594,21.016136169433594,32.17329025268555,7.78125,,,,,
tomato,a tomato sliced for a salad,vivido,0,True,tomato,True,True,tomato,tomato,18.271757125854492,18.271757125854492,,,,,,,
tomato,a tomato sliced for a salad,vivido,1,True,tomato,True,True,tomato,tomato,18.134798049926758,18.134798049926758,,,,,,,
tomato,a tomato sliced for a salad,vivido,2,True,tomato,True,True,tomato,tomato,17.012876510620117,17.012876510620117,26.194299697875977,8.03125,,,,,
tomato,a tomato sliced for a salad,sustitucion,0,False,apple,,,,,,,,,,,,,
tomato,a tomato sliced for a salad,sustitucion,1,False,apple,,,,,,,,,,,,,
tomato,a tomato sliced for a salad,sustitucion,2,False,apple,,,,,,,,,,,,,
tomato,a tomato sliced for a salad,descripcion,0,True,apple,True,True,tomato,tomato,21.535541534423828,21.535541534423828,,,,,,,
tomato,a tomato sliced for a salad,descripcion,1,True,apple,True,True,tomato,tomato,20.798086166381836,20.798086166381836,,,,,,,
tomato,a tomato sliced for a salad,descripcion,2,True,apple,True,True,tomato,tomato,22.002931594848633,22.002931594848633,28.78304100036621,7.78125,,,,,
tomato,a tomato picked from the garden,vivido,0,True,tomato,True,True,tomato,tomato,19.674396514892578,19.674396514892578,,,,,,,
tomato,a tomato picked from the garden,vivido,1,True,tomato,True,True,tomato,tomato,15.40006160736084,15.40006160736084,,,,,,,
tomato,a tomato picked from the garden,vivido,2,True,tomato,True,True,tomato,tomato,16.042335510253906,16.042335510253906,24.255279541015625,8.03125,,,,,
tomato,a tomato picked from the garden,sustitucion,0,False,apple,,,,,,,,,,,,,
tomato,a tomato picked from the garden,sustitucion,1,False,apple,,,,,,,,,,,,,
tomato,a tomato picked from the garden,sustitucion,2,False,apple,,,,,,,,,,,,,
tomato,a tomato picked from the garden,descripcion,0,True,apple,True,True,tomato,tomato,16.45335578918457,16.45335578918457,,,,,,,
tomato,a tomato picked from the garden,descripcion,1,True,apple,True,True,tomato,tomato,23.12155532836914,23.12155532836914,,,,,,,
tomato,a tomato picked from the garden,descripcion,2,True,apple,True,True,tomato,tomato,19.951290130615234,19.951290130615234,28.741195678710938,7.78125,,,,,
tomato,a vine ripened tomato,vivido,0,True,tomato,True,True,tomato,tomato,19.219402313232422,19.219402313232422,,,,,,,
tomato,a vine ripened tomato,vivido,1,True,tomato,True,True,tomato,tomato,16.552549362182617,16.552549362182617,,,,,,,
tomato,a vine ripened tomato,vivido,2,True,tomato,True,True,tomato,tomato,18.210437774658203,18.210437774658203,23.140783309936523,8.03125,,,,,
tomato,a vine ripened tomato,sustitucion,0,False,apple,,,,,,,,,,,,,
tomato,a vine ripened tomato,sustitucion,1,False,apple,,,,,,,,,,,,,
tomato,a vine ripened tomato,sustitucion,2,False,apple,,,,,,,,,,,,,
tomato,a vine ripened tomato,descripcion,0,True,apple,True,True,tomato,tomato,22.695425033569336,22.695425033569336,,,,,,,
tomato,a vine ripened tomato,descripcion,1,True,apple,True,True,tomato,tomato,21.910507202148438,21.910507202148438,,,,,,,
tomato,a vine ripened tomato,descripcion,2,True,apple,True,True,tomato,tomato,19.97025489807129,19.97025489807129,30.48637580871582,7.78125,,,,,
tomato,a tomato used in a salad,vivido,0,True,tomato,True,True,tomato,tomato,18.83639907836914,18.83639907836914,,,,,,,
tomato,a tomato used in a salad,vivido,1,True,tomato,True,True,tomato,tomato,16.66362762451172,16.66362762451172,,,,,,,
tomato,a tomato used in a salad,vivido,2,True,tomato,True,True,tomato,tomato,18.640485763549805,18.640485763549805,27.32098960876465,8.03125,,,,,
tomato,a tomato used in a salad,sustitucion,0,False,apple,,,,,,,,,,,,,
tomato,a tomato used in a salad,sustitucion,1,False,apple,,,,,,,,,,,,,
tomato,a tomato used in a salad,sustitucion,2,False,apple,,,,,,,,,,,,,
tomato,a tomato used in a salad,descripcion,0,True,apple,True,True,tomato,tomato,19.742671966552734,19.742671966552734,,,,,,,
tomato,a tomato used in a salad,descripcion,1,True,apple,True,True,tomato,tomato,21.815914154052734,21.815914154052734,,,,,,,
tomato,a tomato used in a salad,descripcion,2,True,apple,True,True,tomato,tomato,22.2612361907959,22.2612361907959,32.054073333740234,7.78125,,,,,
tomato,a bunch of tomatoes on the vine,vivido,0,True,tomato,True,True,tomato,tomato,16.232404708862305,16.232404708862305,,,,,,,
tomato,a bunch of tomatoes on the vine,vivido,1,True,tomato,True,True,tomato,tomato,20.390958786010742,20.390958786010742,,,,,,,
tomato,a bunch of tomatoes on the vine,vivido,2,True,tomato,True,True,tomato,tomato,16.680604934692383,16.680604934692383,25.5108642578125,8.03125,,,,,
tomato,a bunch of tomatoes on the vine,sustitucion,0,False,apple,,,,,,,,,,,,,
tomato,a bunch of tomatoes on the vine,sustitucion,1,False,apple,,,,,,,,,,,,,
tomato,a bunch of tomatoes on the vine,sustitucion,2,False,apple,,,,,,,,,,,,,
tomato,a bunch of tomatoes on the vine,descripcion,0,True,apple,True,True,tomato,tomato,18.561674118041992,18.561674118041992,,,,,,,
tomato,a bunch of tomatoes on the vine,descripcion,1,True,apple,True,True,tomato,tomato,22.17546272277832,22.17546272277832,,,,,,,
tomato,a bunch of tomatoes on the vine,descripcion,2,True,apple,True,True,tomato,tomato,20.870439529418945,20.870439529418945,26.03877067565918,7.78125,,,,,
tomato,a tomato plant with green leaves,vivido,0,True,tomato,True,True,tomato,tomato,15.347330093383789,15.347330093383789,,,,,,,
tomato,a tomato plant with green leaves,vivido,1,True,tomato,True,True,tomato,tomato,18.48597526550293,18.48597526550293,,,,,,,
tomato,a tomato plant with green leaves,vivido,2,True,tomato,True,True,tomato,tomato,20.768051147460938,20.768051147460938,28.52997398376465,8.03125,,,,,
tomato,a tomato plant with green leaves,sustitucion,0,True,apple,False,False,apple,apple,61.69196701049805,21.47835350036621,,,,,,,
tomato,a tomato plant with green leaves,sustitucion,1,True,apple,False,False,apple,apple,52.654422760009766,15.978558540344238,,,,,,,
tomato,a tomato plant with green leaves,sustitucion,2,True,apple,False,False,apple,apple,56.23155975341797,19.859617233276367,29.683982849121094,8.859375,,,,,
tomato,a tomato plant with green leaves,descripcion,0,True,apple,True,True,tomato,tomato,22.615312576293945,22.615312576293945,,,,,,,
tomato,a tomato plant with green leaves,descripcion,1,True,apple,True,True,tomato,tomato,16.45602798461914,16.45602798461914,,,,,,,
tomato,a tomato plant with green leaves,descripcion,2,True,apple,True,True,tomato,tomato,21.92041778564453,21.92041778564453,29.806360244750977,7.78125,,,,,
tomato,a tomato harvested from the garden,vivido,0,True,tomato,True,True,tomato,tomato,15.687911987304688,15.687911987304688,,,,,,,
tomato,a tomato harvested from the garden,vivido,1,True,tomato,True,True,tomato,tomato,17.76943588256836,17.76943588256836,,,,,,,
tomato,a tomato harvested from the garden,vivido,2,True,tomato,True,True,tomato,tomato,26.946727752685547,26.946727752685547,28.089330673217773,8.03125,,,,,
tomato,a tomato harvested from the garden,sustitucion,0,False,apple,,,,,,,,,,,,,
tomato,a tomato harvested from the garden,sustitucion,1,False,apple,,,,,,,,,,,,,
tomato,a tomato harvested from the garden,sustitucion,2,False,apple,,,,,,,,,,,,,
tomato,a tomato harvested from the garden,descripcion,0,True,apple,True,True,tomato,tomato,22.137374877929688,22.137374877929688,,,,,,,
tomato,a tomato harvested from the garden,descripcion,1,True,apple,True,True,tomato,tomato,21.40762710571289,21.40762710571289,,,,,,,
tomato,a tomato harvested from the garden,descripcion,2,True,apple,True,True,tomato,tomato,21.865760803222656,21.865760803222656,30.5950927734375,7.78125,,,,,
tomato,a plump red tomato on the vine,vivido,0,True,tomato,True,True,tomato,tomato,20.072946548461914,20.072946548461914,,,,,,,
tomato,a plump red tomato on the vine,vivido,1,True,tomato,True,True,tomato,tomato,18.407329559326172,18.407329559326172,,,,,,,
tomato,a plump red tomato on the vine,vivido,2,True,tomato,True,True,tomato,tomato,20.06364631652832,20.06364631652832,30.826478958129883,6.828125,,,,,
tomato,a plump red tomato on the vine,sustitucion,0,True,apple,False,False,apple,apple,51.895206451416016,22.91382598876953,,,,,,,
tomato,a plump red tomato on the vine,sustitucion,1,True,apple,False,False,apple,apple,53.572147369384766,23.9908504486084,,,,,,,
tomato,a plump red tomato on the vine,sustitucion,2,True,apple,False,False,apple,apple,56.37627029418945,18.13814926147461,29.58563804626465,8.96875,,,,,
tomato,a plump red tomato on the vine,descripcion,0,True,apple,True,True,tomato,tomato,17.56283187866211,17.56283187866211,,,,,,,
tomato,a plump red tomato on the vine,descripcion,1,True,apple,True,True,tomato,tomato,18.732778549194336,18.732778549194336,,,,,,,
tomato,a plump red tomato on the vine,descripcion,2,True,apple,True,True,tomato,tomato,20.06635284423828,20.06635284423828,25.659337997436523,7.78125,,,,,
tomato,a tomato vegetable in a bowl,vivido,0,True,tomato,True,True,tomato,tomato,18.940074920654297,18.940074920654297,,,,,,,
tomato,a tomato vegetable in a bowl,vivido,1,True,tomato,True,True,tomato,tomato,18.155424118041992,18.155424118041992,,,,,,,
tomato,a tomato vegetable in a bowl,vivido,2,True,tomato,True,True,tomato,tomato,17.947101593017578,17.947101593017578,26.287694931030273,8.03125,,,,,
tomato,a tomato vegetable in a bowl,sustitucion,0,False,apple,,,,,,,,,,,,,
tomato,a tomato vegetable in a bowl,sustitucion,1,False,apple,,,,,,,,,,,,,
tomato,a tomato vegetable in a bowl,sustitucion,2,False,apple,,,,,,,,,,,,,
tomato,a tomato vegetable in a bowl,descripcion,0,True,apple,True,True,tomato,tomato,20.84820556640625,20.84820556640625,,,,,,,
tomato,a tomato vegetable in a bowl,descripcion,1,True,apple,True,True,tomato,tomato,17.570356369018555,17.570356369018555,,,,,,,
tomato,a tomato vegetable in a bowl,descripcion,2,True,apple,True,True,tomato,tomato,20.68587875366211,20.68587875366211,27.755346298217773,7.78125,,,,,
tomato,a tomato grown in a greenhouse,vivido,0,True,tomato,True,True,tomato,tomato,15.413524627685547,15.413524627685547,,,,,,,
tomato,a tomato grown in a greenhouse,vivido,1,True,tomato,True,True,tomato,tomato,17.9033145904541,17.9033145904541,,,,,,,
tomato,a tomato grown in a greenhouse,vivido,2,True,tomato,True,True,tomato,tomato,17.439096450805664,17.439096450805664,24.341459274291992,8.03125,,,,,
tomato,a tomato grown in a greenhouse,sustitucion,0,False,apple,,,,,,,,,,,,,
tomato,a tomato grown in a greenhouse,sustitucion,1,False,apple,,,,,,,,,,,,,
tomato,a tomato grown in a greenhouse,sustitucion,2,False,apple,,,,,,,,,,,,,
tomato,a tomato grown in a greenhouse,descripcion,0,True,apple,True,True,tomato,tomato,21.060226440429688,21.060226440429688,,,,,,,
tomato,a tomato grown in a greenhouse,descripcion,1,True,apple,True,True,tomato,tomato,21.532394409179688,21.532394409179688,,,,,,,
tomato,a tomato grown in a greenhouse,descripcion,2,True,apple,True,True,tomato,tomato,22.659011840820312,22.659011840820312,29.254079818725586,7.78125,,,,,
tomato,a tomato with smooth red skin,vivido,0,True,tomato,True,True,tomato,tomato,17.038698196411133,17.038698196411133,,,,,,,
tomato,a tomato with smooth red skin,vivido,1,True,tomato,True,True,tomato,tomato,14.997145652770996,14.997145652770996,,,,,,,
tomato,a tomato with smooth red skin,vivido,2,True,tomato,True,True,tomato,tomato,17.576189041137695,17.576189041137695,23.71309471130371,8.03125,,,,,
tomato,a tomato with smooth red skin,sustitucion,0,True,apple,False,False,apple,apple,56.39943313598633,20.348739624023438,,,,,,,
tomato,a tomato with smooth red skin,sustitucion,1,True,apple,False,False,apple,apple,56.1272087097168,23.31007194519043,,,,,,,
tomato,a tomato with smooth red skin,sustitucion,2,True,apple,False,False,apple,apple,56.6812858581543,16.327550888061523,27.1878719329834,8.96875,,,,,
tomato,a tomato with smooth red skin,descripcion,0,True,apple,True,True,tomato,tomato,21.148521423339844,21.148521423339844,,,,,,,
tomato,a tomato with smooth red skin,descripcion,1,True,apple,True,True,tomato,tomato,18.851123809814453,18.851123809814453,,,,,,,
tomato,a tomato with smooth red skin,descripcion,2,True,apple,True,True,tomato,tomato,21.548967361450195,21.548967361450195,29.70377540588379,7.78125,,,,,
tomato,a cherry tomato on the vine,vivido,0,True,tomato,True,True,tomato,tomato,15.21628475189209,15.21628475189209,,,,,,,
tomato,a cherry tomato on the vine,vivido,1,True,tomato,True,True,tomato,tomato,16.225317001342773,16.225317001342773,,,,,,,
tomato,a cherry tomato on the vine,vivido,2,True,tomato,True,True,tomato,tomato,20.09745216369629,20.09745216369629,24.850006103515625,8.03125,,,,,
tomato,a cherry tomato on the vine,sustitucion,0,False,apple,,,,,,,,,,,,,
tomato,a cherry tomato on the vine,sustitucion,1,False,apple,,,,,,,,,,,,,
tomato,a cherry tomato on the vine,sustitucion,2,False,apple,,,,,,,,,,,,,
tomato,a cherry tomato on the vine,descripcion,0,True,apple,True,True,tomato,tomato,18.829833984375,18.829833984375,,,,,,,
tomato,a cherry tomato on the vine,descripcion,1,True,apple,True,True,tomato,tomato,22.785682678222656,22.785682678222656,,,,,,,
tomato,a cherry tomato on the vine,descripcion,2,True,apple,True,True,tomato,tomato,20.305837631225586,20.305837631225586,27.614004135131836,7.78125,,,,,
tomato,a tomato salad with fresh vegetables,vivido,0,True,tomato,True,True,tomato,tomato,15.155171394348145,15.155171394348145,,,,,,,
tomato,a tomato salad with fresh vegetables,vivido,1,True,tomato,True,True,tomato,tomato,15.668525695800781,15.668525695800781,,,,,,,
tomato,a tomato salad with fresh vegetables,vivido,2,True,tomato,True,True,tomato,tomato,14.560700416564941,14.560700416564941,20.00196647644043,8.03125,,,,,
tomato,a tomato salad with fresh vegetables,sustitucion,0,False,apple,,,,,,,,,,,,,
tomato,a tomato salad with fresh vegetables,sustitucion,1,False,apple,,,,,,,,,,,,,
tomato,a tomato salad with fresh vegetables,sustitucion,2,False,apple,,,,,,,,,,,,,
tomato,a tomato salad with fresh vegetables,descripcion,0,True,apple,True,True,tomato,tomato,19.383222579956055,19.383222579956055,,,,,,,
tomato,a tomato salad with fresh vegetables,descripcion,1,True,apple,True,True,tomato,tomato,21.901182174682617,21.901182174682617,,,,,,,
tomato,a tomato salad with fresh vegetables,descripcion,2,True,apple,True,True,tomato,tomato,20.758516311645508,20.758516311645508,28.192235946655273,7.78125,,,,,
tomato,a tomato cut into slices,vivido,0,True,tomato,True,True,tomato,tomato,19.06732749938965,19.06732749938965,,,,,,,
tomato,a tomato cut into slices,vivido,1,True,tomato,True,True,tomato,tomato,18.150110244750977,18.150110244750977,,,,,,,
tomato,a tomato cut into slices,vivido,2,True,tomato,True,True,tomato,tomato,19.08026885986328,19.08026885986328,25.272016525268555,8.03125,,,,,
tomato,a tomato cut into slices,sustitucion,0,False,apple,,,,,,,,,,,,,
tomato,a tomato cut into slices,sustitucion,1,False,apple,,,,,,,,,,,,,
tomato,a tomato cut into slices,sustitucion,2,False,apple,,,,,,,,,,,,,
tomato,a tomato cut into slices,descripcion,0,True,apple,True,True,tomato,tomato,17.239944458007812,17.239944458007812,,,,,,,
tomato,a tomato cut into slices,descripcion,1,True,apple,True,True,tomato,tomato,21.43280029296875,21.43280029296875,,,,,,,
tomato,a tomato cut into slices,descripcion,2,True,apple,True,True,tomato,tomato,19.03348159790039,19.03348159790039,26.24786376953125,7.78125,,,,,
tomato,a garden fresh tomato,vivido,0,True,tomato,True,True,tomato,tomato,17.530757904052734,17.530757904052734,,,,,,,
tomato,a garden fresh tomato,vivido,1,True,tomato,True,True,tomato,tomato,16.400379180908203,16.400379180908203,,,,,,,
tomato,a garden fresh tomato,vivido,2,True,tomato,True,True,tomato,tomato,16.494857788085938,16.494857788085938,24.06421661376953,8.03125,,,,,
tomato,a garden fresh tomato,sustitucion,0,False,apple,,,,,,,,,,,,,
tomato,a garden fresh tomato,sustitucion,1,False,apple,,,,,,,,,,,,,
tomato,a garden fresh tomato,sustitucion,2,False,apple,,,,,,,,,,,,,
tomato,a garden fresh tomato,descripcion,0,True,apple,True,True,tomato,tomato,23.145885467529297,23.145885467529297,,,,,,,
tomato,a garden fresh tomato,descripcion,1,True,apple,True,True,tomato,tomato,18.933809280395508,18.933809280395508,,,,,,,
tomato,a garden fresh tomato,descripcion,2,True,apple,True,True,tomato,tomato,18.806873321533203,18.806873321533203,29.14995002746582,7.78125,,,,,
tomato,a tomato staked in the garden,vivido,0,True,tomato,True,True,tomato,tomato,18.66670036315918,18.66670036315918,,,,,,,
tomato,a tomato staked in the garden,vivido,1,True,tomato,True,True,tomato,tomato,16.714853286743164,16.714853286743164,,,,,,,
tomato,a tomato staked in the garden,vivido,2,True,tomato,True,True,tomato,tomato,16.03437042236328,16.03437042236328,26.870161056518555,8.03125,,,,,
tomato,a tomato staked in the garden,sustitucion,0,False,apple,,,,,,,,,,,,,
tomato,a tomato staked in the garden,sustitucion,1,False,apple,,,,,,,,,,,,,
tomato,a tomato staked in the garden,sustitucion,2,False,apple,,,,,,,,,,,,,
tomato,a tomato staked in the garden,descripcion,0,True,apple,True,True,tomato,tomato,23.254209518432617,23.254209518432617,,,,,,,
tomato,a tomato staked in the garden,descripcion,1,True,apple,True,True,tomato,tomato,20.822967529296875,20.822967529296875,,,,,,,
tomato,a tomato staked in the garden,descripcion,2,True,apple,True,True,tomato,tomato,19.791969299316406,19.791969299316406,28.058618545532227,7.78125,,,,,
tomato,a bright red tomato on the vine,vivido,0,True,tomato,True,True,tomato,tomato,21.961313247680664,21.961313247680664,,,,,,,
tomato,a bright red tomato on the vine,vivido,1,True,tomato,True,True,tomato,tomato,20.689329147338867,20.689329147338867,,,,,,,
tomato,a bright red tomato on the vine,vivido,2,True,tomato,True,True,tomato,tomato,19.11800765991211,19.11800765991211,28.293624877929688,6.828125,,,,,
tomato,a bright red tomato on the vine,sustitucion,0,True,apple,False,False,apple,apple,52.63496780395508,14.50585651397705,,,,,,,
tomato,a bright red tomato on the vine,sustitucion,1,True,apple,False,False,apple,apple,55.8402214050293,22.25114631652832,,,,,,,
tomato,a bright red tomato on the vine,sustitucion,2,True,apple,False,False,apple,apple,64.87139892578125,24.346454620361328,27.321182250976562,8.96875,,,,,
tomato,a bright red tomato on the vine,descripcion,0,True,apple,True,True,tomato,tomato,21.592376708984375,21.592376708984375,,,,,,,
tomato,a bright red tomato on the vine,descripcion,1,True,apple,True,True,tomato,tomato,19.45770835876465,19.45770835876465,,,,,,,
tomato,a bright red tomato on the vine,descripcion,2,True,apple,True,True,tomato,tomato,20.210039138793945,20.210039138793945,29.866262435913086,7.78125,,,,,
tomato,__ruteo__,ruteo,0,,,,,,,,,,,53,41,12,0,"{""vivido"": {""entre_consultas"": 27.564701080322266, ""dentro_consulta"": 27.337098517069002, ""F_dependencia"": 1.6248787562051488}, ""sustitucion"": {""entre_consultas"": 29.813419342041016, ""dentro_consulta"": 30.317689609527587, ""F_dependencia"": 1.4559267815714048}, ""descripcion"": {""entre_consultas"": 28.12794303894043, ""dentro_consulta"": 28.409482955932617, ""F_dependencia"": 1.452216271486036}}"
